Data,Dobowa prognoza zapotrzebowania KSE,Rzeczywiste zapotrzebowanie KSE
2015-01-01,,15098.4
2015-01-02,17822.96,17869.2
2015-01-03,17639.33,17684.92
2015-01-04,16235.42,16453.76
2015-01-05,18892.71,18856.44
2015-01-06,16616.67,17076.58
2015-01-07,20104.17,20985.77
2015-01-08,20854.17,21304.73
2015-01-09,21188.58,21083.36
2015-01-10,18791.67,18888.73
2015-01-11,17306.25,16938.98
2015-01-12,20833.33,20561.26
2015-01-13,21252.08,20731.12
2015-01-14,21308.33,20746.42
2015-01-15,21162.5,20752.52
2015-01-16,20941.67,20509.94
2015-01-17,18818.75,18717.06
2015-01-18,17079.17,16915.63
2015-01-19,20566.67,20414.58
2015-01-20,21429.17,20969.75
2015-01-21,21450.0,20980.76
2015-01-22,21022.96,21007.03
2015-01-23,21061.04,21024.91
2015-01-24,19160.12,19082.49
2015-01-25,17299.96,17228.21
2015-01-26,20565.42,20541.69
2015-01-27,21084.29,21086.79
2015-01-28,21023.54,21016.59
2015-01-29,20913.21,20829.0
2015-01-30,20752.08,20788.94
2015-01-31,18743.83,18708.21
2015-02-01,16928.46,16837.83
2015-02-02,20260.38,20226.62
2015-02-03,20868.0,20845.87
2015-02-04,21006.5,21017.12
2015-02-05,21304.17,21152.44
2015-02-06,21145.83,21099.49
2015-02-07,18839.58,18962.58
2015-02-08,17158.33,17111.46
2015-02-09,20866.67,20545.71
2015-02-10,21254.17,20771.33
2015-02-11,21085.42,20831.59
2015-02-12,21043.75,20551.13
2015-02-13,20933.33,20392.95
2015-02-14,18845.83,18387.91
2015-02-15,16937.5,16745.51
2015-02-16,20333.33,20434.65
2015-02-17,20787.5,20775.22
2015-02-18,21137.5,20737.7
2015-02-19,21137.5,20752.2
2015-02-20,20791.67,20291.92
2015-02-21,18608.33,18311.26
2015-02-22,16912.5,16403.69
2015-02-23,20470.83,19682.48
2015-02-24,20629.17,20246.73
2015-02-25,20681.25,20411.77
2015-02-26,20416.33,20396.16
2015-02-27,20675.0,20177.65
2015-02-28,18633.33,18182.87
2015-03-01,16508.33,16251.09
2015-03-02,19916.67,19577.1
2015-03-03,20441.67,20304.01
2015-03-04,20204.17,20365.92
2015-03-05,20433.33,20483.44
2015-03-06,20583.33,20409.94
2015-03-07,18205.75,18164.24
2015-03-08,16279.17,15975.75
2015-03-09,19658.33,19255.61
2015-03-10,19729.92,19869.29
2015-03-11,20038.17,20118.69
2015-03-12,20252.08,20070.44
2015-03-13,20391.67,20156.99
2015-03-14,18325.0,18231.78
2015-03-15,16195.83,16163.57
2015-03-16,19575.0,19159.97
2015-03-17,20027.08,19539.92
2015-03-18,19979.17,19484.28
2015-03-19,19860.42,19607.44
2015-03-20,19775.0,19487.44
2015-03-21,18018.75,17588.81
2015-03-22,16208.33,16096.07
2015-03-23,19533.33,19111.69
2015-03-24,19850.0,19555.16
2015-03-25,19658.33,19340.07
2015-03-26,19808.33,19457.97
2015-03-27,19804.17,19537.44
2015-03-28,17762.5,17766.52
2015-03-29,15917.39,15936.82
2015-03-30,18972.92,19244.93
2015-03-31,19722.92,19865.26
2015-04-01,19849.25,19875.89
2015-04-02,20145.83,20206.41
2015-04-03,19633.33,19431.49
2015-04-04,16789.58,16274.53
2015-04-05,13950.0,13606.91
2015-04-06,13864.58,13673.02
2015-04-07,18343.75,18392.14
2015-04-08,19216.67,19605.54
2015-04-09,19458.33,19377.92
2015-04-10,19362.5,18972.62
2015-04-11,17420.83,16978.38
2015-04-12,15525.0,15160.16
2015-04-13,18979.17,18438.29
2015-04-14,,19052.86
2015-04-15,19506.25,19031.02
2015-04-16,19358.33,18887.9
2015-04-17,19204.17,18990.26
2015-04-18,17229.17,17344.21
2015-04-19,15279.17,15492.13
2015-04-20,18883.33,18502.23
2015-04-21,19308.33,18909.14
2015-04-22,19204.17,18782.63
2015-04-23,19054.17,18732.99
2015-04-24,18854.17,18682.57
2015-04-25,16887.5,16762.53
2015-04-26,15087.5,14987.32
2015-04-27,18341.67,18143.38
2015-04-28,18918.75,18779.31
2015-04-29,18910.42,18769.15
2015-04-30,18722.92,18250.96
2015-05-01,14952.08,15169.04
2015-05-02,15304.17,14947.39
2015-05-03,14356.25,13782.78
2015-05-04,17962.5,17778.26
2015-05-05,18527.08,18627.7
2015-05-06,18693.75,18909.36
2015-05-07,18604.17,18517.66
2015-05-08,18950.0,18353.3
2015-05-09,16604.17,16552.24
2015-05-10,14870.83,14761.45
2015-05-11,18054.17,17826.89
2015-05-12,18716.67,18329.43
2015-05-13,18816.67,18358.29
2015-05-14,18625.0,18462.28
2015-05-15,18737.5,18405.72
2015-05-16,16758.33,16420.86
2015-05-17,14937.5,14615.11
2015-05-18,17931.25,17736.66
2015-05-19,18479.17,18447.05
2015-05-20,18677.08,18634.58
2015-05-21,18697.92,18678.2
2015-05-22,18652.08,18585.83
2015-05-23,16566.67,16630.76
2015-05-24,14470.83,14441.89
2015-05-25,18050.0,17966.87
2015-05-26,18666.67,18560.37
2015-05-27,18702.08,18642.92
2015-05-28,18816.67,18515.81
2015-05-29,18750.0,18398.29
2015-05-30,16666.67,16444.16
2015-05-31,14539.58,14488.45
2015-06-01,17981.25,17777.86
2015-06-02,18816.67,18441.26
2015-06-03,18758.33,18477.37
2015-06-04,14495.83,14265.03
2015-06-05,16012.5,16184.59
2015-06-06,15637.5,15760.12
2015-06-07,14254.17,14579.54
2015-06-08,18233.33,17704.86
2015-06-09,18708.33,18266.32
2015-06-10,18654.17,18448.86
2015-06-11,18645.83,18491.5
2015-06-12,18845.83,18631.59
2015-06-13,16868.75,16923.16
2015-06-14,14862.5,14830.54
2015-06-15,18141.67,17820.79
2015-06-16,18637.5,18199.25
2015-06-17,18570.83,18257.69
2015-06-18,18479.17,18424.44
2015-06-19,18410.42,18432.88
2015-06-20,16797.92,16458.29
2015-06-21,14516.67,14610.27
2015-06-22,17954.17,17752.47
2015-06-23,18445.83,18521.51
2015-06-24,18612.5,18463.94
2015-06-25,18708.33,18412.61
2015-06-26,18350.0,18352.6
2015-06-27,16318.75,16642.91
2015-06-28,14766.67,14793.22
2015-06-29,17895.83,17804.01
2015-06-30,18762.5,18467.18
2015-07-01,18775.0,18613.98
2015-07-02,18887.5,18805.37
2015-07-03,19075.0,18883.72
2015-07-04,17370.83,16982.79
2015-07-05,15254.17,15392.67
2015-07-06,18804.17,18578.2
2015-07-07,19175.0,19039.04
2015-07-08,19208.33,18687.48
2015-07-09,18925.0,18303.74
2015-07-10,18791.67,17931.3
2015-07-11,16762.5,16221.79
2015-07-12,14879.17,14768.56
2015-07-13,17945.83,17773.21
2015-07-14,18641.67,18334.46
2015-07-15,18720.83,18418.45
2015-07-16,18795.83,18548.32
2015-07-17,19008.33,18721.21
2015-07-18,17054.17,16894.3
2015-07-19,15358.33,14945.86
2015-07-20,18491.67,17633.04
2015-07-21,18845.83,18513.2
2015-07-22,19204.17,19003.83
2015-07-23,19100.0,19080.36
2015-07-24,19183.33,18829.38
2015-07-25,16850.0,16953.7
2015-07-26,14954.17,14795.31
2015-07-27,18022.92,17414.61
2015-07-28,18800.0,18045.19
2015-07-29,18254.17,18082.14
2015-07-30,18291.67,18045.0
2015-07-31,18285.42,17800.05
2015-08-01,16766.67,16052.8
2015-08-02,15110.42,14682.62
2015-08-03,18008.33,17814.94
2015-08-04,19012.5,18608.02
2015-08-05,19100.0,18852.57
2015-08-06,19216.67,18967.9
2015-08-07,19116.67,19025.81
2015-08-08,17312.5,17313.49
2015-08-09,15439.58,15602.68
2015-08-10,17706.38,17409.08
2015-08-11,17872.88,18046.74
2015-08-12,19366.67,18749.67
2015-08-13,19152.08,18779.88
2015-08-14,19168.75,18147.97
2015-08-15,14981.25,14950.09
2015-08-16,14887.5,14637.59
2015-08-17,18614.58,17781.9
2015-08-18,19183.33,18361.97
2015-08-19,18812.5,18306.73
2015-08-20,18625.0,18209.34
2015-08-21,18581.25,18240.91
2015-08-22,16645.83,16525.65
2015-08-23,15035.42,14853.17
2015-08-24,18314.58,18057.6
2015-08-25,18727.08,18619.87
2015-08-26,18775.0,18586.95
2015-08-27,18950.0,18776.25
2015-08-28,18975.0,18932.68
2015-08-29,16991.67,16842.85
2015-08-30,15329.17,15182.32
2015-08-31,18820.83,18758.9
2015-09-01,19384.0,19420.56
2015-09-02,19295.83,18923.47
2015-09-03,19225.0,18687.38
2015-09-04,19147.92,18667.22
2015-09-05,16862.5,16567.44
2015-09-06,15139.58,14748.45
2015-09-07,18418.75,17795.21
2015-09-08,18912.5,18375.74
2015-09-09,18891.67,18584.11
2015-09-10,18816.67,18439.56
2015-09-11,18858.33,18457.02
2015-09-12,16862.5,15744.82
2015-09-13,15079.17,14783.0
2015-09-14,18229.17,18056.56
2015-09-15,18783.33,19037.14
2015-09-16,18958.33,19223.39
2015-09-17,19520.83,19406.6
2015-09-18,19429.17,18981.2
2015-09-19,17233.33,17166.55
2015-09-20,15191.67,15261.08
2015-09-21,18620.83,18294.91
2015-09-22,19139.58,18763.18
2015-09-23,19212.5,19134.68
2015-09-24,19195.83,19100.23
2015-09-25,19458.33,19062.98
2015-09-26,17466.67,17217.91
2015-09-27,15433.33,15242.55
2015-09-28,18812.5,18382.9
2015-09-29,19383.33,19078.08
2015-09-30,19375.0,19225.93
2015-10-01,19491.67,19103.33
2015-10-02,19483.33,17269.21
2015-10-03,17520.83,17244.48
2015-10-04,15625.0,15362.19
2015-10-05,18854.17,18505.53
2015-10-06,19520.83,19085.38
2015-10-07,19495.83,19094.33
2015-10-08,19500.0,19167.47
2015-10-09,19537.5,19374.36
2015-10-10,17708.33,17552.05
2015-10-11,15937.5,15773.56
2015-10-12,19233.33,19414.95
2015-10-13,19808.33,20321.28
2015-10-14,20214.58,20239.54
2015-10-15,20350.0,20008.76
2015-10-16,20504.17,19956.12
2015-10-17,18304.17,18142.54
2015-10-18,16262.5,16234.55
2015-10-19,20004.17,19583.78
2015-10-20,20458.33,20313.35
2015-10-21,20541.67,20373.1
2015-10-22,20504.17,20283.46
2015-10-23,20420.83,20037.22
2015-10-24,18283.33,18142.89
2015-10-25,16294.0,16241.79
2015-10-26,19975.0,19602.39
2015-10-27,20408.33,20229.09
2015-10-28,20500.0,20146.44
2015-10-29,20608.33,20364.78
2015-10-30,20341.67,20185.03
2015-10-31,18079.17,17618.53
2015-11-01,15389.58,14483.87
2015-11-02,19371.25,18956.86
2015-11-03,20545.83,20264.89
2015-11-04,20512.5,20448.77
2015-11-05,20479.17,20622.09
2015-11-06,20712.5,20609.5
2015-11-07,18504.17,18593.57
2015-11-08,16591.67,16244.01
2015-11-09,20016.67,19782.66
2015-11-10,20591.67,19913.5
2015-11-11,16833.33,16612.18
2015-11-12,20043.75,19330.53
2015-11-13,20566.67,19936.55
2015-11-14,18904.17,18141.12
2015-11-15,16791.67,16565.31
2015-11-16,20270.83,19905.0
2015-11-17,20791.67,20292.43
2015-11-18,20812.5,20136.35
2015-11-19,20722.92,20187.18
2015-11-20,20739.58,20318.49
2015-11-21,18795.83,18582.78
2015-11-22,16954.17,16635.66
2015-11-23,20299.12,20346.61
2015-11-24,20904.25,20921.62
2015-11-25,21362.5,21087.66
2015-11-26,21341.29,21279.53
2015-11-27,21164.67,21211.27
2015-11-28,19237.5,19189.61
2015-11-29,17277.08,16979.69
2015-11-30,20870.83,20079.99
2015-12-01,21329.17,20723.38
2015-12-02,21027.88,21106.93
2015-12-03,21066.92,20961.12
2015-12-04,21266.67,20316.52
2015-12-05,19541.67,18347.27
2015-12-06,17404.17,16516.65
2015-12-07,20683.33,20226.31
2015-12-08,21150.0,20804.45
2015-12-09,21275.0,21095.35
2015-12-10,21433.33,20860.75
2015-12-11,21504.17,20831.16
2015-12-12,19608.33,18859.44
2015-12-13,17462.5,16910.21
2015-12-14,20937.5,20647.06
2015-12-15,21550.0,21320.17
2015-12-16,21429.17,21306.62
2015-12-17,21533.33,21035.94
2015-12-18,21345.83,20496.1
2015-12-19,19358.33,18474.99
2015-12-20,17275.0,16520.61
2015-12-21,20616.67,19736.61
2015-12-22,20401.92,19810.76
2015-12-23,19761.83,19503.43
2015-12-24,16022.08,15810.31
2015-12-25,13983.33,13446.58
2015-12-26,14025.0,13428.25
2015-12-27,15291.67,14522.47
2015-12-28,18274.96,17921.31
2015-12-29,19087.5,18645.28
2015-12-30,19520.83,18877.45
2015-12-31,17658.33,17281.93
2016-01-01,14904.17,15060.59
2016-01-02,16933.46,17006.76
2016-01-03,17152.62,17392.58
2016-01-04,20798.42,21035.03
2016-01-05,21770.83,21709.92
2016-01-06,17460.42,18351.18
2016-01-07,20862.5,21324.73
2016-01-08,21279.17,21455.24
2016-01-09,19545.83,19368.13
2016-01-10,17902.08,17479.53
2016-01-11,21216.67,20882.41
2016-01-12,21754.17,21299.02
2016-01-13,21376.12,21230.93
2016-01-14,21541.21,21297.26
2016-01-15,21806.25,21312.64
2016-01-16,19557.88,19390.53
2016-01-17,17798.38,17899.57
2016-01-18,21629.17,21413.88
2016-01-19,22300.0,22063.26
2016-01-20,22466.67,22172.46
2016-01-21,22431.25,21975.6
2016-01-22,22155.54,21922.34
2016-01-23,19830.46,20026.1
2016-01-24,18104.17,17767.3
2016-01-25,21354.17,20923.93
2016-01-26,21433.33,19542.34
2016-01-27,21491.67,20727.31
2016-01-28,21331.25,20475.05
2016-01-29,21425.0,20436.61
2016-01-30,19143.75,18138.28
2016-01-31,16572.92,16326.51
2016-02-01,20441.67,20065.7
2016-02-02,20414.29,20069.65
2016-02-03,20373.75,20180.88
2016-02-04,20887.5,20411.22
2016-02-05,21050.0,20688.23
2016-02-06,18662.5,18372.28
2016-02-07,16789.58,16314.74
2016-02-08,20297.92,19591.41
2016-02-09,20568.75,19979.16
2016-02-10,20737.5,20382.4
2016-02-11,20787.5,20571.86
2016-02-12,20910.42,20497.73
2016-02-13,18783.33,18666.01
2016-02-14,16925.0,16637.51
2016-02-15,20358.33,20097.04
2016-02-16,20975.0,20676.0
2016-02-17,20991.67,20594.35
2016-02-18,20833.33,20684.16
2016-02-19,20945.83,20804.63
2016-02-20,18716.67,18362.51
2016-02-21,16762.5,16438.77
2016-02-22,20175.0,19570.71
2016-02-23,20800.0,20360.74
2016-02-24,20733.33,20322.81
2016-02-25,20816.67,20516.16
2016-02-26,20556.62,20549.82
2016-02-27,18495.83,18507.98
2016-02-28,16662.5,16524.16
2016-02-29,20389.58,19963.76
2016-03-01,20713.42,20781.93
2016-03-02,20808.33,20614.99
2016-03-03,20754.17,20509.2
2016-03-04,20766.67,20434.41
2016-03-05,18437.5,18106.13
2016-03-06,16320.83,16238.81
2016-03-07,20041.67,19798.36
2016-03-08,20420.83,20276.29
2016-03-09,20512.5,20377.43
2016-03-10,20502.08,20343.87
2016-03-11,20583.33,20438.75
2016-03-12,18425.0,18467.05
2016-03-13,16570.83,16475.62
2016-03-14,20064.58,19905.35
2016-03-15,20845.83,20687.41
2016-03-16,20568.75,20395.86
2016-03-17,20685.42,20164.98
2016-03-18,20466.67,20056.79
2016-03-19,18575.0,18324.58
2016-03-20,16637.5,16522.45
2016-03-21,19737.5,19704.87
2016-03-22,20583.33,20377.53
2016-03-23,20432.42,20462.52
2016-03-24,20391.83,20329.06
2016-03-25,20041.67,19497.9
2016-03-26,16593.75,16317.0
2016-03-27,14097.83,13532.22
2016-03-28,13943.75,13546.82
2016-03-29,18404.46,18189.7
2016-03-30,20052.08,19395.36
2016-03-31,20112.5,19338.2
2016-04-01,19866.67,19447.51
2016-04-02,17550.0,17317.2
2016-04-03,15695.83,15370.43
2016-04-04,19062.5,18436.85
2016-04-05,19675.0,18865.49
2016-04-06,19454.17,18868.6
2016-04-07,19310.42,18860.3
2016-04-08,19354.17,18997.51
2016-04-09,17483.33,17220.75
2016-04-10,15727.08,15513.52
2016-04-11,18804.17,18773.54
2016-04-12,19325.0,19307.11
2016-04-13,19379.17,19165.41
2016-04-14,19190.92,19275.44
2016-04-15,19364.58,18984.41
2016-04-16,17333.33,16766.39
2016-04-17,15675.0,15081.32
2016-04-18,18906.25,18355.93
2016-04-19,19500.0,18956.91
2016-04-20,19468.75,18840.47
2016-04-21,19339.58,18901.98
2016-04-22,19239.58,18835.1
2016-04-23,17212.5,17185.71
2016-04-24,15512.5,15294.67
2016-04-25,18958.33,18801.13
2016-04-26,19391.67,19196.96
2016-04-27,19512.5,19538.34
2016-04-28,19441.67,19265.0
2016-04-29,19145.83,19093.07
2016-04-30,16566.67,16697.56
2016-05-01,14660.42,14223.85
2016-05-02,15441.67,15741.59
2016-05-03,14237.5,14429.13
2016-05-04,18362.5,17937.56
2016-05-05,18995.83,18685.35
2016-05-06,19045.83,18538.99
2016-05-07,16995.83,16743.78
2016-05-08,15187.5,14841.43
2016-05-09,18404.17,17990.23
2016-05-10,18875.0,18542.93
2016-05-11,18720.04,18684.97
2016-05-12,18829.17,18716.93
2016-05-13,19006.25,18580.4
2016-05-14,17066.67,16716.23
2016-05-15,15235.42,14244.4
2016-05-16,18439.58,17866.97
2016-05-17,19008.33,18816.78
2016-05-18,18979.17,18983.42
2016-05-19,19070.83,18810.62
2016-05-20,18754.75,18615.09
2016-05-21,16879.17,16792.14
2016-05-22,14479.17,14831.9
2016-05-23,18485.42,18223.57
2016-05-24,19141.67,18778.95
2016-05-25,19100.0,18681.69
2016-05-26,14475.0,14531.97
2016-05-27,16397.92,16582.1
2016-05-28,16162.5,16056.16
2016-05-29,14981.25,14721.45
2016-05-30,18683.33,18244.7
2016-05-31,19266.67,18788.51
2016-06-01,19100.0,18835.48
2016-06-02,18820.71,18896.33
2016-06-03,19045.83,18717.18
2016-06-04,16975.0,16761.3
2016-06-05,14987.5,14753.23
2016-06-06,18491.67,17725.57
2016-06-07,18423.42,18403.54
2016-06-08,18820.83,18589.41
2016-06-09,18847.92,18717.93
2016-06-10,18745.83,18470.42
2016-06-11,16804.17,16564.62
2016-06-12,15000.0,14796.21
2016-06-13,18016.67,17895.04
2016-06-14,18850.0,18678.4
2016-06-15,18870.83,18967.13
2016-06-16,18937.5,18918.34
2016-06-17,18908.33,18732.75
2016-06-18,16895.83,16622.08
2016-06-19,15004.17,15009.09
2016-06-20,18382.96,18255.38
2016-06-21,19312.5,18688.12
2016-06-22,19400.0,19168.89
2016-06-23,19364.58,19423.29
2016-06-24,19629.17,19576.97
2016-06-25,17258.33,17580.83
2016-06-26,15822.92,15458.72
2016-06-27,19320.83,18409.31
2016-06-28,18999.75,18958.85
2016-06-29,19470.83,19167.53
2016-06-30,19541.67,19489.44
2016-07-01,19537.5,19221.93
2016-07-02,17500.0,17260.93
2016-07-03,15695.83,14894.78
2016-07-04,18768.75,17669.3
2016-07-05,19225.0,18501.89
2016-07-06,18606.25,18072.03
2016-07-07,18708.33,18102.72
2016-07-08,18658.33,18417.56
2016-07-09,16979.17,16256.71
2016-07-10,15091.67,14752.78
2016-07-11,18733.33,18290.45
2016-07-12,19441.67,19117.56
2016-07-13,19004.17,18988.97
2016-07-14,19145.83,18414.72
2016-07-15,18950.0,18004.88
2016-07-16,16708.33,16375.15
2016-07-17,15025.0,14747.31
2016-07-18,18029.17,17690.62
2016-07-19,18650.0,18378.25
2016-07-20,18754.17,18388.14
2016-07-21,18808.33,18501.21
2016-07-22,18808.33,18552.49
2016-07-23,16937.5,16815.21
2016-07-24,15033.33,15197.62
2016-07-25,18379.17,18425.3
2016-07-26,19100.0,19051.19
2016-07-27,19179.17,19057.51
2016-07-28,18959.33,18933.8
2016-07-29,19172.92,18696.49
2016-07-30,17112.5,16713.82
2016-07-31,15187.5,15230.03
2016-08-01,18479.17,17621.23
2016-08-02,19016.67,18064.55
2016-08-03,18800.0,18291.34
2016-08-04,19225.0,18772.82
2016-08-05,19083.33,18841.0
2016-08-06,17135.42,16474.3
2016-08-07,15427.08,14525.04
2016-08-08,18300.0,17818.23
2016-08-09,19122.92,18389.2
2016-08-10,18827.08,18303.78
2016-08-11,18770.83,18157.35
2016-08-12,18533.33,18067.76
2016-08-13,,16289.16
2016-08-14,14464.58,14548.38
2016-08-15,14133.33,13864.95
2016-08-16,17687.5,17614.21
2016-08-17,18391.67,18502.13
2016-08-18,18750.0,18619.95
2016-08-19,18887.5,18843.1
2016-08-20,16887.5,16987.63
2016-08-21,15208.33,15305.66
2016-08-22,18427.08,18343.99
2016-08-23,18958.33,18982.23
2016-08-24,19204.17,19256.44
2016-08-25,19258.33,19116.88
2016-08-26,19560.42,18991.3
2016-08-27,17450.0,17204.84
2016-08-28,15808.33,15491.28
2016-08-29,19308.33,18747.05
2016-08-30,19554.17,19013.67
2016-08-31,19554.17,19187.93
2016-09-01,19583.33,18988.26
2016-09-02,19558.33,19028.97
2016-09-03,17258.33,16988.85
2016-09-04,15816.67,15217.39
2016-09-05,18937.5,18522.23
2016-09-06,19316.67,19066.27
2016-09-07,19366.67,19309.82
2016-09-08,19541.67,19520.67
2016-09-09,19850.0,19503.78
2016-09-10,17495.83,17584.59
2016-09-11,15541.67,15744.96
2016-09-12,19475.0,19050.62
2016-09-13,20020.83,19613.13
2016-09-14,19925.0,19382.09
2016-09-15,19816.67,19203.74
2016-09-16,19687.5,19139.48
2016-09-17,17483.33,17030.17
2016-09-18,15620.83,15089.85
2016-09-19,18816.67,18320.18
2016-09-20,19416.67,19052.28
2016-09-21,19404.17,19127.6
2016-09-22,19437.5,19142.89
2016-09-23,19391.67,19127.06
2016-09-24,17475.0,17294.32
2016-09-25,15504.17,15457.38
2016-09-26,18883.33,18666.66
2016-09-27,19529.17,19381.29
2016-09-28,19529.17,19366.12
2016-09-29,19595.83,19274.45
2016-09-30,19650.0,19190.8
2016-10-01,17433.33,17212.57
2016-10-02,15579.17,15469.39
2016-10-03,18954.17,19053.12
2016-10-04,19818.75,17997.78
2016-10-05,20193.75,19870.45
2016-10-06,20020.83,20008.62
2016-10-07,20175.0,19952.33
2016-10-08,18158.33,17910.76
2016-10-09,16233.33,15968.47
2016-10-10,19970.83,19557.8
2016-10-11,20500.0,20208.03
2016-10-12,20487.5,20410.36
2016-10-13,20454.17,20407.22
2016-10-14,20427.75,19960.67
2016-10-15,18400.0,17987.65
2016-10-16,16316.67,16380.33
2016-10-17,19841.67,19709.42
2016-10-18,20612.5,20322.87
2016-10-19,20670.83,20421.02
2016-10-20,20741.67,20520.39
2016-10-21,20745.83,20487.09
2016-10-22,18575.0,18497.85
2016-10-23,16560.42,16367.43
2016-10-24,20202.08,19832.76
2016-10-25,20650.0,20420.38
2016-10-26,20633.33,20514.71
2016-10-27,20679.17,20531.19
2016-10-28,20804.17,20417.52
2016-10-29,18510.42,18231.58
2016-10-30,16096.0,16295.01
2016-10-31,18014.58,18204.6
2016-11-01,15012.5,14996.06
2016-11-02,19950.0,19434.68
2016-11-03,20887.5,20707.44
2016-11-04,20933.33,20780.22
2016-11-05,19187.5,18868.86
2016-11-06,17039.58,16877.22
2016-11-07,20487.5,20504.57
2016-11-08,21197.92,21164.21
2016-11-09,21333.33,21611.23
2016-11-10,21262.5,21261.89
2016-11-11,17631.25,17736.36
2016-11-12,18110.42,18085.82
2016-11-13,17393.75,17121.48
2016-11-14,21160.42,20799.47
2016-11-15,21783.33,21483.93
2016-11-16,21577.08,21477.05
2016-11-17,21541.67,21182.34
2016-11-18,21328.12,20602.46
2016-11-19,18972.92,18916.2
2016-11-20,16910.42,16626.4
2016-11-21,20687.5,19952.48
2016-11-22,21220.83,20625.16
2016-11-23,21075.0,21090.72
2016-11-24,21154.17,21346.85
2016-11-25,21537.5,21486.61
2016-11-26,19450.0,19242.64
2016-11-27,17552.08,17050.61
2016-11-28,21437.5,20971.08
2016-11-29,22195.83,21664.88
2016-11-30,22229.17,21720.3
2016-12-01,21966.67,21641.83
2016-12-02,22166.67,21426.18
2016-12-03,19820.83,19510.04
2016-12-04,17593.75,17894.29
2016-12-05,21641.67,21310.55
2016-12-06,22166.67,21972.63
2016-12-07,22287.5,22030.26
2016-12-08,22118.75,21589.03
2016-12-09,21864.58,21568.79
2016-12-10,19527.08,19249.2
2016-12-11,17806.25,17366.35
2016-12-12,21491.67,21254.4
2016-12-13,22195.83,22004.83
2016-12-14,22170.83,22175.11
2016-12-15,22345.83,22165.31
2016-12-16,22208.33,22062.34
2016-12-17,19735.42,20180.41
2016-12-18,17604.17,18389.17
2016-12-19,21750.0,21668.33
2016-12-20,22350.0,22115.36
2016-12-21,22275.0,21883.5
2016-12-22,22287.5,21803.31
2016-12-23,21587.5,21103.28
2016-12-24,17289.58,16831.57
2016-12-25,14383.33,14639.04
2016-12-26,14320.83,14586.37
2016-12-27,19035.42,18322.8
2016-12-28,20182.58,19683.07
2016-12-29,20662.5,19830.32
2016-12-30,20300.0,19453.31
2016-12-31,17572.33,17131.19
2017-01-01,15437.5,15223.31
2017-01-02,20412.5,20046.43
2017-01-03,21652.08,21315.04
2017-01-04,21887.5,21363.53
2017-01-05,22258.33,21792.65
2017-01-06,18975.0,18912.52
2017-01-07,19387.5,19758.92
2017-01-08,18433.33,18963.55
2017-01-09,22314.58,22474.76
2017-01-10,22629.17,22874.98
2017-01-11,23250.0,22870.55
2017-01-12,22879.17,22279.27
2017-01-13,22391.67,22008.19
2017-01-14,19989.58,19916.14
2017-01-15,18770.83,18072.89
2017-01-16,22087.5,21710.84
2017-01-17,22779.17,22493.13
2017-01-18,22875.0,22677.84
2017-01-19,22870.83,22697.44
2017-01-20,22833.33,22330.33
2017-01-21,20366.67,19889.07
2017-01-22,18370.83,17920.88
2017-01-23,21964.58,21518.19
2017-01-24,22825.0,22280.17
2017-01-25,22750.0,22196.31
2017-01-26,22666.67,22034.98
2017-01-27,22587.5,22054.81
2017-01-28,19958.33,19851.85
2017-01-29,17954.17,17952.42
2017-01-30,21972.92,21457.25
2017-01-31,22527.08,22035.48
2017-02-01,22431.25,22076.43
2017-02-02,22366.67,21907.75
2017-02-03,22266.67,21763.65
2017-02-04,19933.33,19568.78
2017-02-05,18112.5,17854.27
2017-02-06,21881.25,21491.76
2017-02-07,22512.5,22301.8
2017-02-08,22620.83,22629.95
2017-02-09,22966.67,22736.51
2017-02-10,22902.08,22183.84
2017-02-11,19862.5,20064.07
2017-02-12,17900.0,18345.42
2017-02-13,21787.5,22125.14
2017-02-14,22160.42,22339.4
2017-02-15,22295.83,21883.04
2017-02-16,22162.5,21439.69
2017-02-17,22129.17,21553.19
2017-02-18,19241.67,19405.63
2017-02-19,17637.5,17276.81
2017-02-20,20908.33,20629.26
2017-02-21,21458.33,21016.01
2017-02-22,21529.17,21030.14
2017-02-23,21508.33,20900.08
2017-02-24,21512.5,20832.08
2017-02-25,19366.67,18912.05
2017-02-26,17450.0,17013.92
2017-02-27,20883.33,19918.32
2017-02-28,21300.0,20335.69
2017-03-01,21039.58,20458.93
2017-03-02,20931.25,20516.88
2017-03-03,20860.42,20445.91
2017-03-04,18612.5,18189.22
2017-03-05,16833.33,16233.53
2017-03-06,20608.33,19944.21
2017-03-07,21022.92,20555.28
2017-03-08,20875.0,20562.68
2017-03-09,20716.67,20860.61
2017-03-10,20820.83,20625.8
2017-03-11,18658.33,18469.65
2017-03-12,17112.5,16712.77
2017-03-13,20458.33,20146.65
2017-03-14,20883.33,20403.6
2017-03-15,20733.33,20227.09
2017-03-16,20737.5,20278.16
2017-03-17,20645.83,20127.24
2017-03-18,18720.83,18282.19
2017-03-19,16662.5,16461.22
2017-03-20,20154.17,19813.71
2017-03-21,20577.08,20076.74
2017-03-22,20545.83,20374.86
2017-03-23,20445.83,20314.92
2017-03-24,20404.17,20096.92
2017-03-25,18304.17,17975.55
2017-03-26,16356.52,16192.97
2017-03-27,19747.92,19258.95
2017-03-28,20122.92,19667.73
2017-03-29,20233.33,19681.84
2017-03-30,20116.67,19887.34
2017-03-31,19850.0,19269.98
2017-04-01,17741.67,17202.39
2017-04-02,15900.0,15429.04
2017-04-03,19154.17,19016.19
2017-04-04,19645.83,19633.32
2017-04-05,19595.83,19742.8
2017-04-06,20225.0,19841.98
2017-04-07,20445.83,19953.59
2017-04-08,17766.67,17958.09
2017-04-09,15925.0,15947.3
2017-04-10,19395.83,19092.1
2017-04-11,20033.33,19751.61
2017-04-12,20085.42,20205.88
2017-04-13,20183.33,20069.35
2017-04-14,20033.33,19340.99
2017-04-15,16566.67,16170.08
2017-04-16,13931.25,13627.07
2017-04-17,13966.67,13838.97
2017-04-18,19287.5,18942.72
2017-04-19,20320.83,20043.17
2017-04-20,20295.83,20293.74
2017-04-21,20422.92,20157.4
2017-04-22,18300.0,18118.95
2017-04-23,15697.92,16164.12
2017-04-24,19120.83,19432.14
2017-04-25,19810.42,19819.38
2017-04-26,19737.5,20359.64
2017-04-27,20333.33,20447.74
2017-04-28,20600.0,20402.76
2017-04-29,17695.83,17992.49
2017-04-30,15518.75,15637.57
2017-05-01,14810.42,14888.33
2017-05-02,16525.92,16361.86
2017-05-03,14991.0,15181.3
2017-05-04,19098.08,18644.66
2017-05-05,19329.79,19066.92
2017-05-06,17575.0,17498.52
2017-05-07,15466.67,15511.98
2017-05-08,18987.5,18931.88
2017-05-09,20079.17,19606.22
2017-05-10,20233.33,19685.54
2017-05-11,19589.58,19484.57
2017-05-12,19331.25,19296.5
2017-05-13,17554.17,17462.45
2017-05-14,15095.83,15335.28
2017-05-15,18472.75,18671.23
2017-05-16,19341.67,19144.56
2017-05-17,19341.67,19142.83
2017-05-18,19379.17,19101.21
2017-05-19,19404.17,19040.21
2017-05-20,17412.5,17096.4
2017-05-21,15285.42,14970.37
2017-05-22,18825.0,18391.87
2017-05-23,19395.83,19045.74
2017-05-24,19568.75,19016.26
2017-05-25,19337.5,19108.43
2017-05-26,19379.17,18939.33
2017-05-27,17341.67,17063.08
2017-05-28,15081.25,15083.19
2017-05-29,18710.42,18676.47
2017-05-30,19512.5,19378.15
2017-05-31,19460.42,19100.64
2017-06-01,19312.5,18738.52
2017-06-02,19370.83,18805.15
2017-06-03,17291.67,16956.02
2017-06-04,15089.58,14824.97
2017-06-05,18716.67,18317.72
2017-06-06,19164.58,18985.21
2017-06-07,19252.08,18828.44
2017-06-08,19179.17,18899.87
2017-06-09,19393.75,19042.28
2017-06-10,17175.0,17200.36
2017-06-11,15200.0,15132.68
2017-06-12,18775.0,18477.89
2017-06-13,19162.5,18769.77
2017-06-14,19237.5,18793.39
2017-06-15,14987.5,14965.83
2017-06-16,16712.5,16980.67
2017-06-17,16729.17,16263.63
2017-06-18,14987.5,14982.65
2017-06-19,18725.0,18731.17
2017-06-20,19443.75,19529.49
2017-06-21,19266.67,19211.45
2017-06-22,19366.67,19325.68
2017-06-23,19691.67,19239.24
2017-06-24,17301.67,17243.27
2017-06-25,15416.67,15444.52
2017-06-26,18856.25,18779.24
2017-06-27,19979.17,19405.43
2017-06-28,20079.17,19727.02
2017-06-29,20179.17,19628.78
2017-06-30,20045.83,19221.63
2017-07-01,17608.33,16990.15
2017-07-02,15445.83,15153.85
2017-07-03,18754.17,18154.45
2017-07-04,19633.33,18700.19
2017-07-05,19125.0,19067.66
2017-07-06,19045.83,19099.58
2017-07-07,19629.17,19009.64
2017-07-08,17112.5,17282.54
2017-07-09,15395.83,15345.99
2017-07-10,18912.5,18856.13
2017-07-11,19404.17,19450.07
2017-07-12,19743.75,19466.57
2017-07-13,19362.5,19030.92
2017-07-14,19227.08,18866.7
2017-07-15,17358.33,16914.59
2017-07-16,15483.33,15060.4
2017-07-17,18512.5,18270.74
2017-07-18,19397.92,18966.81
2017-07-19,19700.0,19323.18
2017-07-20,19820.83,19494.71
2017-07-21,19816.67,19463.31
2017-07-22,17804.17,17452.39
2017-07-23,15737.5,15555.52
2017-07-24,19281.25,18698.13
2017-07-25,19250.0,18964.66
2017-07-26,19245.83,18787.88
2017-07-27,19208.33,18872.66
2017-07-28,19075.0,18815.65
2017-07-29,17508.33,16755.35
2017-07-30,15820.83,15421.03
2017-07-31,19400.0,19030.69
2017-08-01,20066.67,19790.16
2017-08-02,20010.42,19697.54
2017-08-03,19897.92,19692.63
2017-08-04,19885.42,19394.67
2017-08-05,17541.67,17282.27
2017-08-06,15679.17,15254.7
2017-08-07,19083.33,18278.61
2017-08-08,19637.5,18693.61
2017-08-09,19729.17,19286.99
2017-08-10,19845.83,19529.31
2017-08-11,19785.42,19640.64
2017-08-12,17302.08,16892.7
2017-08-13,15372.92,14884.79
2017-08-14,17345.83,16817.95
2017-08-15,15091.67,14679.09
2017-08-16,18731.67,18494.79
2017-08-17,19595.83,19251.21
2017-08-18,19754.17,19658.21
2017-08-19,17541.67,17544.04
2017-08-20,15350.0,15264.46
2017-08-21,18629.17,18271.8
2017-08-22,19470.83,18965.36
2017-08-23,19470.83,19113.52
2017-08-24,19525.0,19335.19
2017-08-25,19720.83,19389.35
2017-08-26,17595.83,17556.05
2017-08-27,15900.0,15596.65
2017-08-28,19104.17,18848.13
2017-08-29,19670.83,19391.49
2017-08-30,19829.17,19669.21
2017-08-31,20058.33,19913.42
2017-09-01,20058.33,19740.86
2017-09-02,17991.67,17332.89
2017-09-03,16004.17,15561.01
2017-09-04,19477.08,18732.51
2017-09-05,19850.0,19542.66
2017-09-06,19829.17,19662.01
2017-09-07,19837.5,19586.0
2017-09-08,19800.0,19357.87
2017-09-09,17766.67,17435.75
2017-09-10,15991.67,15679.58
2017-09-11,19329.17,19213.22
2017-09-12,20054.17,19624.97
2017-09-13,20058.33,19285.14
2017-09-14,19929.17,19603.17
2017-09-15,20000.0,19518.41
2017-09-16,17758.33,17739.08
2017-09-17,15983.33,16010.36
2017-09-18,19666.67,19102.12
2017-09-19,20147.92,19802.73
2017-09-20,20162.5,20183.36
2017-09-21,20262.5,20151.96
2017-09-22,20322.92,20277.01
2017-09-23,18129.17,18357.35
2017-09-24,16154.17,16287.64
2017-09-25,19916.67,19661.87
2017-09-26,20391.67,20215.25
2017-09-27,20383.33,20030.45
2017-09-28,20204.17,20036.26
2017-09-29,20500.0,19896.7
2017-09-30,18102.08,17936.52
2017-10-01,16154.17,16051.62
2017-10-02,19981.25,19373.83
2017-10-03,20650.0,20341.75
2017-10-04,20660.42,20176.63
2017-10-05,20668.75,20201.17
2017-10-06,20895.83,19805.15
2017-10-07,18460.42,18238.55
2017-10-08,16554.17,16497.67
2017-10-09,20412.5,20006.66
2017-10-10,20833.33,20692.3
2017-10-11,20941.67,20775.74
2017-10-12,20841.67,20551.44
2017-10-13,20791.67,20450.13
2017-10-14,18337.5,18470.2
2017-10-15,16633.33,16427.86
2017-10-16,19906.25,19807.64
2017-10-17,20491.67,20342.64
2017-10-18,20462.5,20519.3
2017-10-19,20602.08,20418.97
2017-10-20,20804.17,20420.05
2017-10-21,18843.75,18488.97
2017-10-22,17018.75,16622.5
2017-10-23,20695.83,20276.24
2017-10-24,21258.33,20868.5
2017-10-25,21320.83,20979.31
2017-10-26,21241.67,20726.72
2017-10-27,21391.67,20856.64
2017-10-28,19216.67,18756.4
2017-10-29,17164.0,16630.62
2017-10-30,20512.5,20442.26
2017-10-31,20762.5,20767.21
2017-11-01,15712.5,15924.96
2017-11-02,20212.5,19912.96
2017-11-03,21241.67,20878.88
2017-11-04,19154.17,18916.81
2017-11-05,17108.33,16942.99
2017-11-06,21070.83,20580.41
2017-11-07,21512.5,21342.74
2017-11-08,21500.0,21545.34
2017-11-09,21708.33,21608.27
2017-11-10,21904.17,21102.73
2017-11-11,17833.33,17657.42
2017-11-12,17718.75,16938.05
2017-11-13,21341.67,20943.93
2017-11-14,21962.5,21558.86
2017-11-15,21879.17,21639.57
2017-11-16,22100.0,21687.5
2017-11-17,22068.75,21599.95
2017-11-18,19837.5,19451.65
2017-11-19,17483.33,17441.08
2017-11-20,21658.33,21399.68
2017-11-21,22233.33,22051.66
2017-11-22,21984.17,21994.24
2017-11-23,22118.75,21611.58
2017-11-24,21979.17,21642.51
2017-11-25,19750.0,19459.45
2017-11-26,17679.17,17564.6
2017-11-27,21681.25,21353.15
2017-11-28,22256.25,21995.41
2017-11-29,22416.67,22261.38
2017-11-30,22537.5,22367.87
2017-12-01,22616.67,21958.31
2017-12-02,20241.67,20091.15
2017-12-03,18450.0,18096.53
2017-12-04,21983.33,21415.12
2017-12-05,22504.17,22029.22
2017-12-06,22379.17,22083.14
2017-12-07,22204.17,22116.6
2017-12-08,22416.67,22156.96
2017-12-09,20450.0,20090.76
2017-12-10,18533.33,18025.99
2017-12-11,22058.33,21579.01
2017-12-12,22620.83,21785.91
2017-12-13,22597.92,21944.59
2017-12-14,22641.67,22093.66
2017-12-15,22620.83,22180.85
2017-12-16,20525.0,20079.41
2017-12-17,18583.33,18290.13
2017-12-18,22322.92,22046.85
2017-12-19,22787.5,22727.75
2017-12-20,22862.5,22663.25
2017-12-21,22858.33,22285.76
2017-12-22,22479.17,21454.16
2017-12-23,20012.5,19147.19
2017-12-24,16022.62,15900.3
2017-12-25,14795.83,14665.03
2017-12-26,14650.0,14891.3
2017-12-27,19360.42,18355.35
2017-12-28,20420.83,19266.31
2017-12-29,19729.17,19375.05
2017-12-30,18608.33,18098.62
2017-12-31,17020.83,16287.24
2018-01-01,15433.33,15160.08
2018-01-02,19952.08,19363.89
2018-01-03,21825.0,20946.41
2018-01-04,21635.42,21110.09
2018-01-05,21658.33,21081.45
2018-01-06,18391.67,17489.96
2018-01-07,17791.67,17259.58
2018-01-08,21845.83,21454.88
2018-01-09,22458.33,22008.9
2018-01-10,22683.33,22058.27
2018-01-11,22354.17,22134.83
2018-01-12,22360.42,22179.53
2018-01-13,19979.17,20050.75
2018-01-14,18262.5,18256.87
2018-01-15,22002.08,22070.66
2018-01-16,22641.67,22625.29
2018-01-17,22808.33,22291.91
2018-01-18,22616.67,22149.09
2018-01-19,22512.5,22229.1
2018-01-20,20308.33,20027.04
2018-01-21,18158.33,18261.58
2018-01-22,21987.5,21895.9
2018-01-23,23233.33,22599.78
2018-01-24,22712.5,22190.07
2018-01-25,22712.5,21818.2
2018-01-26,22712.5,21923.01
2018-01-27,19879.17,19731.15
2018-01-28,18070.83,17592.17
2018-01-29,21760.42,20918.69
2018-01-30,22177.08,21590.0
2018-01-31,22216.67,21628.81
2018-02-01,22283.33,21690.93
2018-02-02,22204.17,21610.21
2018-02-03,19875.0,19534.37
2018-02-04,18104.17,17815.68
2018-02-05,21883.33,21729.99
2018-02-06,22845.83,22486.21
2018-02-07,22900.0,22534.2
2018-02-08,22791.67,22553.4
2018-02-09,22800.0,22488.04
2018-02-10,20141.67,20299.05
2018-02-11,18237.5,17996.0
2018-02-12,22108.33,21503.99
2018-02-13,22658.33,21972.41
2018-02-14,22402.08,22166.8
2018-02-15,22193.75,22258.39
2018-02-16,22418.75,22011.27
2018-02-17,20087.5,19855.58
2018-02-18,18041.67,17989.28
2018-02-19,21725.0,21573.03
2018-02-20,22291.67,22071.93
2018-02-21,22608.33,22222.68
2018-02-22,22631.25,22386.27
2018-02-23,22854.17,22501.15
2018-02-24,20727.08,20467.99
2018-02-25,18785.42,18926.21
2018-02-26,22716.67,22699.99
2018-02-27,23552.08,23446.56
2018-02-28,23614.58,23494.2
2018-03-01,23725.0,23502.73
2018-03-02,23662.5,23322.73
2018-03-03,21433.33,21002.6
2018-03-04,18597.92,18790.73
2018-03-05,22239.58,21859.35
2018-03-06,22637.5,22097.79
2018-03-07,22400.0,22012.85
2018-03-08,22191.67,21582.76
2018-03-09,22133.33,21482.79
2018-03-10,19608.33,19350.9
2018-03-11,17350.0,16729.24
2018-03-12,20945.83,20171.21
2018-03-13,21554.17,20641.99
2018-03-14,21108.33,21134.6
2018-03-15,21525.0,21395.58
2018-03-16,22012.5,21682.61
2018-03-17,20433.33,19895.59
2018-03-18,17960.42,17867.76
2018-03-19,21741.67,21662.67
2018-03-20,22020.83,22101.3
2018-03-21,22097.92,21922.11
2018-03-22,22145.83,21741.25
2018-03-23,22210.42,21897.55
2018-03-24,19606.25,19486.94
2018-03-25,17584.78,17228.93
2018-03-26,21000.0,20932.3
2018-03-27,21675.0,21662.5
2018-03-28,21722.92,21517.31
2018-03-29,21839.58,21666.42
2018-03-30,20795.83,20123.04
2018-03-31,16970.83,17047.0
2018-04-01,14256.25,14363.61
2018-04-02,14666.67,14465.47
2018-04-03,19466.67,19189.22
2018-04-04,20568.75,20052.25
2018-04-05,20481.25,19987.52
2018-04-06,20493.75,20097.92
2018-04-07,18470.83,17997.78
2018-04-08,16235.42,15573.35
2018-04-09,19029.04,19125.4
2018-04-10,20091.67,19566.41
2018-04-11,20166.67,19563.7
2018-04-12,20033.33,19574.36
2018-04-13,20018.75,19578.73
2018-04-14,17991.67,17518.93
2018-04-15,15758.33,15271.18
2018-04-16,19389.58,19268.11
2018-04-17,20029.17,19723.93
2018-04-18,20008.33,19557.39
2018-04-19,19945.83,19643.35
2018-04-20,19952.08,19559.64
2018-04-21,17562.5,17530.38
2018-04-22,15412.5,15151.36
2018-04-23,19479.17,18913.13
2018-04-24,20150.0,19444.43
2018-04-25,19858.33,19540.32
2018-04-26,19920.83,19641.38
2018-04-27,19883.33,19447.93
2018-04-28,17481.25,17614.88
2018-04-29,15583.33,15547.96
2018-04-30,16937.5,17645.58
2018-05-01,15452.08,15245.05
2018-05-02,17095.83,16539.29
2018-05-03,15183.33,14901.88
2018-05-04,16991.67,16932.53
2018-05-05,16762.5,16347.69
2018-05-06,15508.33,14977.06
2018-05-07,18850.0,18452.25
2018-05-08,19295.83,19302.21
2018-05-09,19375.0,19447.13
2018-05-10,19691.67,19608.0
2018-05-11,19662.5,19720.19
2018-05-12,17691.67,17607.06
2018-05-13,15345.83,14986.04
2018-05-14,19012.5,18466.66
2018-05-15,19770.83,19042.97
2018-05-16,19470.83,19394.32
2018-05-17,19412.5,19675.26
2018-05-18,19470.83,19486.21
2018-05-19,17547.92,17250.47
2018-05-20,15150.0,14638.29
2018-05-21,18866.67,18429.82
2018-05-22,19481.25,19275.55
2018-05-23,19691.67,19443.56
2018-05-24,19708.33,19492.23
2018-05-25,19737.5,19505.06
2018-05-26,17854.17,17651.73
2018-05-27,15595.83,15772.54
2018-05-28,19475.0,19448.98
2018-05-29,20204.17,19946.79
2018-05-30,20308.33,19958.84
2018-05-31,15483.33,15997.55
2018-06-01,17579.17,18186.13
2018-06-02,17137.5,17420.77
2018-06-03,15564.58,15861.01
2018-06-04,19679.17,19565.07
2018-06-05,20093.67,19902.85
2018-06-06,19891.67,19500.39
2018-06-07,20041.67,19597.19
2018-06-08,20125.0,20059.33
2018-06-09,18077.08,18091.71
2018-06-10,15872.92,15791.2
2018-06-11,20006.25,19513.71
2018-06-12,20300.0,19756.08
2018-06-13,19941.67,19641.71
2018-06-14,20179.17,19675.14
2018-06-15,20016.67,19754.02
2018-06-16,18050.0,17858.95
2018-06-17,15975.0,15593.59
2018-06-18,19920.83,19371.91
2018-06-19,20095.83,19793.22
2018-06-20,20143.75,19970.6
2018-06-21,20387.5,20069.78
2018-06-22,19939.58,19002.57
2018-06-23,17483.33,17046.71
2018-06-24,15785.42,15207.74
2018-06-25,19250.0,18615.17
2018-06-26,19754.17,19322.26
2018-06-27,19779.17,19600.83
2018-06-28,20000.0,19868.61
2018-06-29,20237.5,19698.54
2018-06-30,17383.33,17216.66
2018-07-01,15708.33,15252.27
2018-07-02,18937.5,18428.08
2018-07-03,19866.67,19238.33
2018-07-04,20325.0,19621.32
2018-07-05,20291.67,19920.65
2018-07-06,19920.83,19786.89
2018-07-07,17929.17,17581.99
2018-07-08,15729.17,15438.26
2018-07-09,19516.67,19200.55
2018-07-10,19862.5,19843.72
2018-07-11,20016.67,19899.95
2018-07-12,20058.33,19670.09
2018-07-13,20054.17,19537.96
2018-07-14,17562.5,17534.4
2018-07-15,15568.75,15314.74
2018-07-16,19291.67,18781.55
2018-07-17,20079.17,19603.98
2018-07-18,19820.83,19716.94
2018-07-19,20000.0,19601.04
2018-07-20,20008.33,19604.31
2018-07-21,17866.67,17549.02
2018-07-22,15695.83,15470.78
2018-07-23,19500.0,19047.92
2018-07-24,20091.67,19626.26
2018-07-25,20018.75,19751.53
2018-07-26,20039.58,19952.95
2018-07-27,20072.92,20010.25
2018-07-28,18025.0,18021.63
2018-07-29,15879.17,16145.62
2018-07-30,19858.33,19415.38
2018-07-31,20560.42,20218.78
2018-08-01,20635.42,20231.96
2018-08-02,20560.42,20442.68
2018-08-03,20404.17,20245.05
2018-08-04,18254.17,17972.33
2018-08-05,16283.33,15947.36
2018-08-06,19622.92,18797.2
2018-08-07,20375.0,19644.05
2018-08-08,20454.17,19988.81
2018-08-09,20558.33,20302.34
2018-08-10,20325.0,20035.27
2018-08-11,17508.33,17491.57
2018-08-12,15935.42,15155.0
2018-08-13,19560.42,18909.74
2018-08-14,20158.33,19399.6
2018-08-15,15691.67,15815.56
2018-08-16,19170.83,18742.6
2018-08-17,19843.75,19391.93
2018-08-18,17733.33,17728.61
2018-08-19,15802.08,15621.09
2018-08-20,19287.5,19489.34
2018-08-21,20027.08,19944.98
2018-08-22,20164.58,19920.37
2018-08-23,20385.42,20210.71
2018-08-24,20491.67,20303.93
2018-08-25,17900.0,17782.66
2018-08-26,15679.17,15632.75
2018-08-27,19289.58,18732.43
2018-08-28,19989.58,19554.63
2018-08-29,20170.83,19749.95
2018-08-30,20162.5,19821.04
2018-08-31,20079.17,19796.61
2018-09-01,17839.58,17689.89
2018-09-02,16147.92,15892.42
2018-09-03,19612.5,19337.51
2018-09-04,20156.25,20013.18
2018-09-05,20185.42,20038.51
2018-09-06,20154.17,20059.03
2018-09-07,20183.33,20108.65
2018-09-08,18145.83,17862.07
2018-09-09,16379.17,15660.01
2018-09-10,19660.42,19367.86
2018-09-11,20283.33,20009.28
2018-09-12,20358.33,20196.06
2018-09-13,20302.08,20159.55
2018-09-14,20139.58,20118.13
2018-09-15,17991.67,17772.71
2018-09-16,15966.67,15570.29
2018-09-17,19791.67,19365.49
2018-09-18,20458.33,20159.13
2018-09-19,20510.42,20341.3
2018-09-20,20625.0,20434.83
2018-09-21,20762.5,20224.73
2018-09-22,18229.17,17772.06
2018-09-23,16137.5,15629.29
2018-09-24,19804.17,19132.85
2018-09-25,20404.17,19925.94
2018-09-26,20414.58,19881.26
2018-09-27,20510.42,20198.99
2018-09-28,20508.33,20072.79
2018-09-29,18331.25,18097.93
2018-09-30,16275.0,16157.04
2018-10-01,19981.25,19641.6
2018-10-02,20629.17,20550.99
2018-10-03,20687.5,20522.08
2018-10-04,20687.5,20561.97
2018-10-05,20541.67,20345.04
2018-10-06,18562.5,18121.6
2018-10-07,16416.67,16287.99
2018-10-08,20112.5,19926.09
2018-10-09,20770.83,20518.15
2018-10-10,20737.5,20426.6
2018-10-11,20691.67,20287.28
2018-10-12,20516.67,20235.35
2018-10-13,18400.0,18049.34
2018-10-14,16537.5,15741.88
2018-10-15,20112.5,19473.1
2018-10-16,20660.42,20284.73
2018-10-17,20675.0,20329.4
2018-10-18,20693.75,20494.96
2018-10-19,20727.08,20672.9
2018-10-20,18583.33,18492.39
2018-10-21,16545.83,16318.9
2018-10-22,20418.75,20166.03
2018-10-23,21108.33,20908.69
2018-10-24,21314.58,20807.95
2018-10-25,21510.42,21125.62
2018-10-26,21329.17,20939.19
2018-10-27,19212.5,18763.41
2018-10-28,17108.0,17052.54
2018-10-29,20950.0,20727.11
2018-10-30,20889.58,20528.01
2018-10-31,20675.0,20270.66
2018-11-01,15541.67,15459.43
2018-11-02,18370.83,18092.9
2018-11-03,18304.17,17951.88
2018-11-04,16641.67,16554.47
2018-11-05,20529.17,20137.41
2018-11-06,21141.67,20626.51
2018-11-07,21187.5,20847.26
2018-11-08,21204.17,21079.47
2018-11-09,21250.0,21278.07
2018-11-10,19037.5,18983.89
2018-11-11,16645.83,16110.32
2018-11-12,18068.75,17335.8
2018-11-13,20691.67,20627.22
2018-11-14,21439.58,21396.38
2018-11-15,21514.58,21474.25
2018-11-16,21793.75,21591.73
2018-11-17,19966.67,19710.84
2018-11-18,17864.58,17652.37
2018-11-19,21802.08,21498.27
2018-11-20,22300.0,22263.97
2018-11-21,22520.83,22578.92
2018-11-22,22491.67,22849.24
2018-11-23,22450.0,22837.41
2018-11-24,20037.5,20456.35
2018-11-25,18137.5,18125.06
2018-11-26,22275.0,22080.0
2018-11-27,23020.83,22749.0
2018-11-28,22987.5,22787.34
2018-11-29,23104.17,22909.86
2018-11-30,23291.67,22878.16
2018-12-01,20787.5,20776.71
2018-12-02,18391.67,18465.62
2018-12-03,22087.5,21909.96
2018-12-04,22739.58,21888.62
2018-12-05,22891.67,22315.03
2018-12-06,22850.0,22740.23
2018-12-07,22912.5,22487.14
2018-12-08,20787.5,19920.21
2018-12-09,18387.5,17722.42
2018-12-10,22158.33,21734.42
2018-12-11,22783.33,22550.51
2018-12-12,23091.67,22735.06
2018-12-13,23210.42,22974.82
2018-12-14,23275.0,23059.01
2018-12-15,20762.5,20846.13
2018-12-16,19000.0,18911.92
2018-12-17,22808.33,22663.54
2018-12-18,23279.17,22808.2
2018-12-19,23416.67,22784.32
2018-12-20,23252.08,22758.68
2018-12-21,22683.33,21857.52
2018-12-22,20145.83,19652.26
2018-12-23,18214.58,18313.23
2018-12-24,17058.33,17091.92
2018-12-25,15081.25,15037.17
2018-12-26,15247.92,15201.62
2018-12-27,18677.08,18639.69
2018-12-28,19400.0,19116.61
2018-12-29,18554.17,18229.51
2018-12-30,16962.5,16873.27
2018-12-31,17062.5,17202.65
2019-01-01,15062.5,14977.9
2019-01-02,20080.42,20062.28
2019-01-03,22258.33,21603.22
2019-01-04,22183.33,21957.43
2019-01-05,20020.83,19896.67
2019-01-06,18666.67,17902.41
2019-01-07,22508.33,22015.6
2019-01-08,22768.75,22613.16
2019-01-09,22862.5,22599.62
2019-01-10,23008.33,22920.3
2019-01-11,22875.0,22802.59
2019-01-12,20675.0,20205.7
2019-01-13,18579.17,17951.72
2019-01-14,22414.58,21663.95
2019-01-15,22945.83,22317.22
2019-01-16,22244.79,22110.64
2019-01-17,22739.58,21929.71
2019-01-18,22756.25,22248.43
2019-01-19,20383.33,20231.68
2019-01-20,18420.83,18287.95
2019-01-21,22379.17,22582.69
2019-01-22,23037.5,23093.36
2019-01-23,23404.17,23151.16
2019-01-24,23462.5,23285.71
2019-01-25,23629.17,23276.43
2019-01-26,20975.0,20781.22
2019-01-27,18800.0,18568.64
2019-01-28,22512.5,21975.49
2019-01-29,23037.5,22404.75
2019-01-30,22816.67,22377.82
2019-01-31,22800.0,22432.77
2019-02-01,22633.33,22194.74
2019-02-02,20254.17,19560.2
2019-02-03,18075.0,17579.71
2019-02-04,22135.42,21622.26
2019-02-05,22679.17,22188.54
2019-02-06,22600.0,22185.66
2019-02-07,22541.67,22034.43
2019-02-08,22479.17,21820.24
2019-02-09,19858.33,19545.37
2019-02-10,17720.83,17236.0
2019-02-11,22033.33,21187.09
2019-02-12,22445.83,21885.78
2019-02-13,22620.83,21987.18
2019-02-14,22504.17,21651.02
2019-02-15,22016.67,21449.07
2019-02-16,19720.83,19009.98
2019-02-17,17354.17,16873.53
2019-02-18,21362.5,20550.39
2019-02-19,21950.0,21020.9
2019-02-20,21747.92,21285.68
2019-02-21,22087.5,21500.31
2019-02-22,22495.83,21624.59
2019-02-23,20408.33,19599.57
2019-02-24,17964.58,17569.1
2019-02-25,21233.33,20893.82
2019-02-26,21675.0,21355.28
2019-02-27,21937.5,21248.91
2019-02-28,21783.33,20865.39
2019-03-01,21299.75,21488.34
2019-03-02,19462.5,19259.71
2019-03-03,17320.83,17047.71
2019-03-04,21204.17,20345.51
2019-03-05,21604.17,21005.2
2019-03-06,21445.83,20947.9
2019-03-07,21420.83,20922.9
2019-03-08,21341.67,20680.38
2019-03-09,19187.5,18730.34
2019-03-10,17025.0,16735.53
2019-03-11,21229.17,20479.94
2019-03-12,21541.67,21245.09
2019-03-13,21695.83,21372.06
2019-03-14,21795.83,21276.7
2019-03-15,21850.0,21191.08
2019-03-16,19112.5,18898.21
2019-03-17,16985.42,16316.75
2019-03-18,20604.17,20270.11
2019-03-19,21287.5,20977.93
2019-03-20,21139.58,20828.52
2019-03-21,21154.17,20923.93
2019-03-22,21014.58,20845.96
2019-03-23,18760.42,18246.53
2019-03-24,16727.08,16007.9
2019-03-25,20781.25,20059.37
2019-03-26,21300.0,20890.39
2019-03-27,21256.25,20695.15
2019-03-28,21433.33,20725.71
2019-03-29,20606.25,20469.74
2019-03-30,18531.25,18017.59
2019-03-31,16430.43,16130.65
2019-04-01,19958.33,19570.11
2019-04-02,20689.58,20019.58
2019-04-03,20508.33,20017.64
2019-04-04,20470.83,19922.21
2019-04-05,20404.17,19705.2
2019-04-06,18077.08,17590.43
2019-04-07,15970.83,15470.06
2019-04-08,19604.17,19205.48
2019-04-09,20316.67,19831.34
2019-04-10,20650.0,20284.91
2019-04-11,20325.0,20546.87
2019-04-12,20829.17,20586.76
2019-04-13,18460.42,18579.26
2019-04-14,16504.17,16332.63
2019-04-15,19947.92,19856.64
2019-04-16,20141.67,20321.77
2019-04-17,20608.33,20384.8
2019-04-18,20087.5,20212.76
2019-04-19,19441.67,19410.42
2019-04-20,16335.42,15935.98
2019-04-21,13547.92,13155.38
2019-04-22,13229.17,13324.99
2019-04-23,18620.83,18070.6
2019-04-24,19113.67,19570.08
2019-04-25,19895.83,19826.23
2019-04-26,20014.58,19690.11
2019-04-27,17891.67,17712.22
2019-04-28,15929.17,15797.1
2019-04-29,19616.67,18824.78
2019-04-30,19370.83,18891.96
2019-05-01,15704.17,15597.75
2019-05-02,16545.67,16286.52
2019-05-03,15947.92,14873.41
2019-05-04,15891.67,15697.07
2019-05-05,15058.33,14983.18
2019-05-06,19066.67,19055.27
2019-05-07,20006.25,19611.49
2019-05-08,19989.58,19723.01
2019-05-09,20218.75,19969.79
2019-05-10,19991.67,19842.35
2019-05-11,17795.83,17675.8
2019-05-12,15262.5,15452.88
2019-05-13,19181.38,19393.82
2019-05-14,20241.67,20129.72
2019-05-15,20450.0,20441.28
2019-05-16,20379.17,20228.53
2019-05-17,20358.33,19873.3
2019-05-18,17629.17,17396.79
2019-05-19,15645.83,15067.2
2019-05-20,18993.75,18959.55
2019-05-21,19806.25,19604.65
2019-05-22,20266.67,19687.38
2019-05-23,20083.33,19694.34
2019-05-24,19708.33,19553.61
2019-05-25,17600.0,17153.41
2019-05-26,15583.33,15145.99
2019-05-27,19433.33,18906.43
2019-05-28,19966.67,19609.43
2019-05-29,19783.33,19449.03
2019-05-30,19866.67,19533.49
2019-05-31,19754.17,19309.48
2019-06-01,17495.83,17038.06
2019-06-02,15029.17,15054.76
2019-06-03,19316.67,19002.65
2019-06-04,19962.5,19798.34
2019-06-05,20162.5,20012.95
2019-06-06,20250.0,19930.45
2019-06-07,20200.0,19942.83
2019-06-08,17858.33,17513.93
2019-06-09,15604.17,14910.63
2019-06-10,19845.83,19363.04
2019-06-11,20412.5,20696.29
2019-06-12,20650.0,20916.7
2019-06-13,20900.0,20798.6
2019-06-14,21166.67,20706.62
2019-06-15,18275.0,18506.9
2019-06-16,15383.33,15882.42
2019-06-17,19525.0,19396.97
2019-06-18,20275.0,19971.27
2019-06-19,20420.83,20104.64
2019-06-20,15456.25,15869.75
2019-06-21,18427.08,17870.39
2019-06-22,17452.08,16633.69
2019-06-23,15270.83,14751.88
2019-06-24,19035.42,19077.21
2019-06-25,20197.92,20269.15
2019-06-26,20920.83,20943.27
2019-06-27,19883.33,20090.72
2019-06-28,19645.83,19526.72
2019-06-29,17775.0,17314.25
2019-06-30,15800.0,16001.05
2019-07-01,19770.83,19697.35
2019-07-02,19487.5,19567.48
2019-07-03,19666.67,19102.58
2019-07-04,19700.0,19090.56
2019-07-05,19604.17,19103.58
2019-07-06,17241.67,17229.75
2019-07-07,15227.08,14876.47
2019-07-08,18814.58,18251.23
2019-07-09,19395.83,18913.13
2019-07-10,19362.5,18930.19
2019-07-11,19408.33,19062.51
2019-07-12,19337.5,19118.47
2019-07-13,17189.58,16976.59
2019-07-14,15089.58,14857.19
2019-07-15,18827.08,18259.64
2019-07-16,19400.0,18857.39
2019-07-17,19245.83,19044.27
2019-07-18,19333.33,19175.36
2019-07-19,19508.33,19267.14
2019-07-20,17504.17,17299.03
2019-07-21,15445.83,15198.47
2019-07-22,18791.67,18602.69
2019-07-23,19583.33,19178.5
2019-07-24,19866.67,19434.61
2019-07-25,19854.17,19652.89
2019-07-26,19872.92,19376.04
2019-07-27,17635.42,17054.34
2019-07-28,15914.58,15740.59
2019-07-29,19664.58,19338.61
2019-07-30,20229.17,19595.05
2019-07-31,20029.17,19217.75
2019-08-01,19729.17,19006.39
2019-08-02,19200.0,18761.04
2019-08-03,17320.83,16637.09
2019-08-04,14975.0,14669.18
2019-08-05,18537.5,18309.63
2019-08-06,19402.08,19149.85
2019-08-07,19308.33,19442.93
2019-08-08,19725.0,19133.56
2019-08-09,19550.0,19042.68
2019-08-10,17518.75,17207.08
2019-08-11,15370.83,15219.75
2019-08-12,19000.0,18992.61
2019-08-13,19443.75,19057.83
2019-08-14,19243.75,18730.34
2019-08-15,15185.42,14943.49
2019-08-16,17491.67,16830.38
2019-08-17,16454.17,16107.53
2019-08-18,15114.58,14769.02
2019-08-19,18981.25,19048.66
2019-08-20,20037.5,19735.09
2019-08-21,19754.17,19651.12
2019-08-22,19925.0,19413.45
2019-08-23,19791.67,19348.55
2019-08-24,17314.88,17375.12
2019-08-25,16025.0,15549.94
2019-08-26,19629.17,19463.33
2019-08-27,20295.83,20281.66
2019-08-28,20650.0,20521.5
2019-08-29,20533.33,20635.95
2019-08-30,20566.67,20471.82
2019-08-31,18316.67,17988.87
2019-09-01,16475.0,15823.9
2019-09-02,19841.67,19259.71
2019-09-03,20129.17,19434.78
2019-09-04,20056.25,19400.5
2019-09-05,19862.5,19338.11
2019-09-06,19645.83,19146.52
2019-09-07,17739.58,17098.77
2019-09-08,15725.0,15044.15
2019-09-09,19456.25,18891.45
2019-09-10,19768.75,19255.67
2019-09-11,19829.17,19321.85
2019-09-12,19858.33,19407.47
2019-09-13,19529.17,19558.36
2019-09-14,17456.25,17087.56
2019-09-15,15362.5,15089.9
2019-09-16,19306.25,18788.27
2019-09-17,20000.0,19501.98
2019-09-18,19970.83,19536.56
2019-09-19,20027.08,19758.37
2019-09-20,20020.83,19863.04
2019-09-21,17637.5,17703.76
2019-09-22,15483.33,15488.41
2019-09-23,19397.92,19299.52
2019-09-24,20122.92,20092.06
2019-09-25,20508.33,20470.61
2019-09-26,20508.33,20476.62
2019-09-27,20441.67,20232.94
2019-09-28,18354.17,17909.75
2019-09-29,15250.0,16018.55
2019-09-30,20187.5,19399.36
2019-10-01,20658.33,20056.62
2019-10-02,20787.5,20490.26
2019-10-03,20691.67,20440.49
2019-10-04,20960.83,20521.99
2019-10-05,18645.83,18286.84
2019-10-06,16277.08,16317.98
2019-10-07,20370.83,20373.63
2019-10-08,21172.92,21131.22
2019-10-09,20989.58,20973.26
2019-10-10,21254.17,20754.22
2019-10-11,21029.17,20455.07
2019-10-12,18241.67,18057.77
2019-10-13,16145.83,15949.26
2019-10-14,20091.67,19595.22
2019-10-15,20581.25,20151.44
2019-10-16,20750.0,20328.53
2019-10-17,20687.5,20230.03
2019-10-18,20762.5,20169.93
2019-10-19,18533.33,17966.74
2019-10-20,16266.67,15870.54
2019-10-21,20131.25,19774.71
2019-10-22,20650.0,20401.11
2019-10-23,20706.25,20585.69
2019-10-24,20683.33,20585.99
2019-10-25,20741.67,20444.73
2019-10-26,18562.5,18103.65
2019-10-27,16704.0,16299.21
2019-10-28,20908.33,20159.07
2019-10-29,21516.67,21073.27
2019-10-30,21291.67,21184.96
2019-10-31,21354.17,20836.91
2019-11-01,16058.33,15665.11
2019-11-02,17425.0,16869.85
2019-11-03,16483.33,15965.9
2019-11-04,20491.67,20289.42
2019-11-05,21195.83,21022.08
2019-11-06,21372.92,21050.77
2019-11-07,21470.83,21081.44
2019-11-08,21254.17,21089.84
2019-11-09,18860.42,18812.3
2019-11-10,16010.42,16529.5
2019-11-11,15829.17,16606.89
2019-11-12,20164.58,20587.35
2019-11-13,21077.08,21316.91
2019-11-14,21579.17,21316.67
2019-11-15,21495.83,21243.0
2019-11-16,19085.42,18724.81
2019-11-17,16922.92,16451.0
2019-11-18,20904.17,20400.26
2019-11-19,21366.67,20960.97
2019-11-20,21537.5,21315.13
2019-11-21,21575.0,21426.98
2019-11-22,21712.5,21368.31
2019-11-23,19770.83,19239.37
2019-11-24,17933.33,17398.56
2019-11-25,21733.33,21432.05
2019-11-26,22270.83,22059.89
2019-11-27,21895.83,21842.18
2019-11-28,21954.17,21669.31
2019-11-29,22025.0,21496.59
2019-11-30,19879.17,19364.47
2019-12-01,17395.83,17338.01
2019-12-02,22037.5,21517.4
2019-12-03,22387.5,22287.76
2019-12-04,22720.83,22030.35
2019-12-05,22577.08,22083.11
2019-12-06,22650.0,22178.39
2019-12-07,20233.33,19816.15
2019-12-08,17260.42,17348.03
2019-12-09,21762.5,21316.03
2019-12-10,22393.75,22094.84
2019-12-11,22662.5,22387.13
2019-12-12,22850.0,22519.95
2019-12-13,22700.0,22142.54
2019-12-14,20475.0,19735.42
2019-12-15,17497.92,17824.88
2019-12-16,21937.5,21188.11
2019-12-17,22416.67,21637.51
2019-12-18,22179.17,21381.18
2019-12-19,22158.33,21302.85
2019-12-20,21812.5,20592.4
2019-12-21,19670.83,19001.99
2019-12-22,18241.67,17618.36
2019-12-23,20416.67,19726.82
2019-12-24,16662.5,16570.52
2019-12-25,14431.42,14407.94
2019-12-26,14908.33,14523.68
2019-12-27,17781.25,17550.95
2019-12-28,18041.67,17807.68
2019-12-29,16333.33,16809.54
2019-12-30,18670.83,18698.38
2019-12-31,17520.83,17145.64
2020-01-01,15183.33,14945.36
2020-01-02,19112.29,19202.2
2020-01-03,19533.58,20219.9
2020-01-04,18614.46,18827.38
2020-01-05,16839.58,16887.53
2020-01-06,16777.08,16990.38
2020-01-07,21047.92,21145.86
2020-01-08,22239.58,21923.04
2020-01-09,22433.33,21917.31
2020-01-10,22350.0,21656.05
2020-01-11,20114.58,19506.52
2020-01-12,17966.67,17239.91
2020-01-13,21850.0,21301.31
2020-01-14,22258.33,21870.31
2020-01-15,22166.67,21763.86
2020-01-16,22366.67,21734.95
2020-01-17,22200.0,21910.97
2020-01-18,19741.67,19616.11
2020-01-19,17970.83,17355.0
2020-01-20,21979.17,21330.02
2020-01-21,22304.17,21921.11
2020-01-22,22462.5,22193.51
2020-01-23,22562.5,22157.17
2020-01-24,22537.5,22040.78
2020-01-25,20137.5,19822.86
2020-01-26,17116.67,17933.92
2020-01-27,21691.67,21426.88
2020-01-28,22337.5,22018.22
2020-01-29,22445.83,21956.06
2020-01-30,22604.17,21918.11
2020-01-31,22387.5,21574.99
2020-02-01,19785.42,18817.95
2020-02-02,17125.0,16852.4
2020-02-03,21587.5,20935.52
2020-02-04,22312.5,21619.01
2020-02-05,22400.0,21649.86
2020-02-06,22352.08,22087.62
2020-02-07,22389.58,21682.66
2020-02-08,19800.0,19364.65
2020-02-09,16816.67,17027.82
2020-02-10,21575.0,20912.26
2020-02-11,22283.33,21697.45
2020-02-12,22112.5,21749.11
2020-02-13,22120.83,21650.89
2020-02-14,22300.0,21808.2
2020-02-15,19350.0,19084.91
2020-02-16,16737.5,16788.25
2020-02-17,21135.42,20330.58
2020-02-18,21058.21,20976.63
2020-02-19,21770.83,21185.94
2020-02-20,21789.58,21243.4
2020-02-21,21645.83,21467.32
2020-02-22,19027.08,18790.73
2020-02-23,17247.92,16854.86
2020-02-24,20566.67,20611.39
2020-02-25,21620.83,21312.36
2020-02-26,21737.5,21288.98
2020-02-27,22058.33,21484.09
2020-02-28,21925.0,21414.64
2020-02-29,19337.5,18880.16
2020-03-01,17154.17,16642.79
2020-03-02,20941.67,20763.79
2020-03-03,21650.0,21312.81
2020-03-04,21420.83,21350.4
2020-03-05,21425.0,20958.75
2020-03-06,20950.0,21309.78
2020-03-07,18881.25,18932.14
2020-03-08,16795.83,16731.93
2020-03-09,20843.75,20520.75
2020-03-10,21112.5,20913.12
2020-03-11,21287.5,20709.02
2020-03-12,21045.83,20611.03
2020-03-13,21345.83,20626.14
2020-03-14,19164.58,18308.72
2020-03-15,16450.0,16280.31
2020-03-16,19760.42,19606.78
2020-03-17,20004.17,19893.23
2020-03-18,20139.58,19502.52
2020-03-19,19900.0,19455.4
2020-03-20,19881.25,19493.14
2020-03-21,17983.33,17498.4
2020-03-22,16006.25,15955.16
2020-03-23,19320.83,19000.88
2020-03-24,19631.25,19423.56
2020-03-25,19639.58,19191.56
2020-03-26,19091.67,19081.29
2020-03-27,19333.33,18524.37
2020-03-28,16592.12,16434.78
2020-03-29,15578.26,15360.18
2020-03-30,19204.17,18461.43
2020-03-31,19566.67,19009.91
2020-04-01,19383.33,18641.12
2020-04-02,19220.83,18577.15
2020-04-03,19200.0,18380.01
2020-04-04,16491.67,16378.38
2020-04-05,15508.33,14829.91
2020-04-06,18329.17,17335.91
2020-04-07,18620.83,17514.61
2020-04-08,17970.83,17488.7
2020-04-09,17866.67,17199.56
2020-04-10,17072.92,17007.24
2020-04-11,14487.5,15205.29
2020-04-12,12079.17,12573.55
2020-04-13,12756.25,12798.13
2020-04-14,16008.33,16614.97
2020-04-15,16912.5,17961.39
2020-04-16,17327.08,17820.44
2020-04-17,17462.5,17592.29
2020-04-18,16152.08,15935.37
2020-04-19,14933.33,14554.9
2020-04-20,17633.33,17457.57
2020-04-21,18312.5,17919.51
2020-04-22,17581.25,17927.44
2020-04-23,17977.08,17840.32
2020-04-24,17491.67,17584.52
2020-04-25,16258.33,15907.08
2020-04-26,15056.25,14678.67
2020-04-27,17704.17,17355.73
2020-04-28,18170.83,17860.18
2020-04-29,18037.5,17781.33
2020-04-30,17839.83,17152.48
2020-05-01,14885.42,14437.3
2020-05-02,14585.42,14123.21
2020-05-03,13979.17,13451.67
2020-05-04,17512.62,16925.29
2020-05-05,18195.25,17878.81
2020-05-06,17853.71,18164.61
2020-05-07,17675.0,18045.22
2020-05-08,18550.0,17567.06
2020-05-09,15552.08,15605.96
2020-05-10,14162.5,14056.18
2020-05-11,17675.0,17599.82
2020-05-12,18277.08,18282.13
2020-05-13,18512.5,18335.53
2020-05-14,18583.33,18263.74
2020-05-15,18683.33,17844.73
2020-05-16,15641.67,15783.52
2020-05-17,14477.08,14136.63
2020-05-18,18125.0,17574.44
2020-05-19,18533.33,18326.66
2020-05-20,18391.67,18245.63
2020-05-21,18679.17,18058.16
2020-05-22,17736.71,17721.82
2020-05-23,15818.75,15823.4
2020-05-24,14393.75,14312.59
2020-05-25,18029.17,17817.14
2020-05-26,18375.0,18315.94
2020-05-27,18366.67,18205.42
2020-05-28,18416.67,18069.95
2020-05-29,18466.67,17569.87
2020-05-30,15795.83,15750.72
2020-05-31,14658.33,14136.9
2020-06-01,17837.5,17391.43
2020-06-02,17995.83,18145.61
2020-06-03,17979.17,18313.65
2020-06-04,18429.17,18249.03
2020-06-05,18120.83,18265.77
2020-06-06,16079.17,15942.18
2020-06-07,14100.0,14327.06
2020-06-08,17881.25,17847.05
2020-06-09,18579.17,18354.86
2020-06-10,18425.0,18255.67
2020-06-11,14337.5,14314.74
2020-06-12,16166.67,16131.61
2020-06-13,15816.67,15773.5
2020-06-14,14283.33,14040.62
2020-06-15,17837.5,17862.4
2020-06-16,18600.0,18719.58
2020-06-17,18625.0,19101.0
2020-06-18,18814.58,19168.2
2020-06-19,18935.42,18979.71
2020-06-20,16227.08,16787.2
2020-06-21,14708.33,14766.42
2020-06-22,18779.17,18366.57
2020-06-23,19045.83,18778.67
2020-06-24,19183.33,18866.47
2020-06-25,19127.08,19008.89
2020-06-26,19402.08,18825.04
2020-06-27,16864.58,16682.97
2020-06-28,14760.42,15276.25
2020-06-29,18725.0,18707.61
2020-06-30,19212.5,18622.63
2020-07-01,19400.0,18970.93
2020-07-02,19262.5,19268.66
2020-07-03,19135.42,19004.9
2020-07-04,16939.58,16481.96
2020-07-05,15075.0,14656.5
2020-07-06,18741.67,18523.94
2020-07-07,19216.67,18449.75
2020-07-08,19216.67,18477.11
2020-07-09,19041.67,18616.57
2020-07-10,19104.17,18965.4
2020-07-11,16525.0,16448.18
2020-07-12,14970.83,14240.49
2020-07-13,17951.54,17829.77
2020-07-14,18933.33,18649.34
2020-07-15,19070.83,18810.86
2020-07-16,18983.33,18739.68
2020-07-17,19008.33,18463.4
2020-07-18,16612.5,16533.63
2020-07-19,14812.5,14629.71
2020-07-20,18712.5,18398.62
2020-07-21,19029.17,18636.16
2020-07-22,18808.33,18545.63
2020-07-23,18954.17,18576.86
2020-07-24,18775.0,18638.27
2020-07-25,16612.5,16665.85
2020-07-26,14966.67,14686.16
2020-07-27,18516.67,18392.43
2020-07-28,19187.5,19203.17
2020-07-29,19037.5,19035.84
2020-07-30,18925.0,18723.93
2020-07-31,18835.42,18354.0
2020-08-01,16787.5,16450.48
2020-08-02,14856.25,14565.44
2020-08-03,18418.75,18287.56
2020-08-04,19045.83,18641.92
2020-08-05,19220.83,18484.83
2020-08-06,19275.0,18678.7
2020-08-07,19170.83,19101.53
2020-08-08,17427.08,17263.89
2020-08-09,15266.67,15486.92
2020-08-10,19283.33,19066.73
2020-08-11,19700.0,19419.82
2020-08-12,19629.17,19105.26
2020-08-13,19812.5,19226.8
2020-08-14,19120.83,18668.77
2020-08-15,15225.0,15275.51
2020-08-16,14941.67,14581.34
2020-08-17,19339.58,18739.12
2020-08-18,19647.92,19576.15
2020-08-19,19393.75,19503.91
2020-08-20,19610.42,19692.51
2020-08-21,19658.33,19786.69
2020-08-22,17429.17,17729.69
2020-08-23,15787.5,15121.91
2020-08-24,19012.5,18620.41
2020-08-25,19675.0,19098.77
2020-08-26,19883.33,19168.84
2020-08-27,19908.33,19285.67
2020-08-28,19433.33,18993.94
2020-08-29,17708.33,16908.83
2020-08-30,15637.5,15257.99
2020-08-31,19295.83,18627.21
2020-09-01,20012.5,19154.87
2020-09-02,19791.67,19261.93
2020-09-03,19741.67,18969.38
2020-09-04,19737.5,19218.65
2020-09-05,17235.42,17059.31
2020-09-06,15333.33,14853.82
2020-09-07,19216.67,18474.54
2020-09-08,19577.08,18959.76
2020-09-09,19504.17,19275.66
2020-09-10,19558.33,19241.43
2020-09-11,19750.0,19194.52
2020-09-12,17600.0,17088.15
2020-09-13,15016.67,14974.42
2020-09-14,18970.83,19204.33
2020-09-15,19733.33,19945.84
2020-09-16,20187.5,20099.22
2020-09-17,19987.5,19724.5
2020-09-18,19858.33,19405.28
2020-09-19,17420.83,17229.8
2020-09-20,15222.92,15128.91
2020-09-21,19175.0,19131.05
2020-09-22,20095.83,19976.88
2020-09-23,20125.0,20069.67
2020-09-24,20522.92,20118.57
2020-09-25,20270.83,20117.9
2020-09-26,17679.17,17936.58
2020-09-27,16083.33,15870.0
2020-09-28,19870.83,19547.57
2020-09-29,20429.17,20439.71
2020-09-30,20525.0,20245.67
2020-10-01,20733.33,20527.71
2020-10-02,20433.33,20425.67
2020-10-03,18433.33,17702.85
2020-10-04,15900.0,15808.31
2020-10-05,19608.33,19512.12
2020-10-06,20625.0,20139.19
2020-10-07,20537.5,20415.39
2020-10-08,20670.83,20498.29
2020-10-09,20579.17,20485.94
2020-10-10,18031.25,18231.03
2020-10-11,16052.08,16320.66
2020-10-12,20097.92,20399.89
2020-10-13,20950.0,21235.07
2020-10-14,21116.67,21222.54
2020-10-15,21354.17,21152.3
2020-10-16,21127.08,21171.65
2020-10-17,19054.17,18931.31
2020-10-18,16337.5,16828.8
2020-10-19,20741.67,20411.33
2020-10-20,21293.75,20787.8
2020-10-21,21166.67,20991.23
2020-10-22,21022.92,20748.52
2020-10-23,21014.58,20803.0
2020-10-24,18472.92,18579.63
2020-10-25,17004.0,16464.13
2020-10-26,20595.83,20156.21
2020-10-27,21175.0,20854.4
2020-10-28,20954.17,20865.06
2020-10-29,21320.83,21014.88
2020-10-30,20775.0,20997.58
2020-10-31,18400.0,18525.24
2020-11-01,15441.67,15982.01
2020-11-02,20437.5,20155.71
2020-11-03,21150.0,20900.25
2020-11-04,21233.33,20999.01
2020-11-05,21325.0,21076.85
2020-11-06,21262.5,21138.15
2020-11-07,18850.0,18915.72
2020-11-08,16633.33,16882.45
2020-11-09,20616.67,20649.58
2020-11-10,21433.33,21195.92
2020-11-11,17166.67,18196.8
2020-11-12,20979.17,20849.4
2020-11-13,21329.17,21133.46
2020-11-14,19383.33,18976.97
2020-11-15,17075.0,16670.32
2020-11-16,21091.67,20638.05
2020-11-17,21483.33,21197.35
2020-11-18,21647.92,21316.26
2020-11-19,21531.25,21296.14
2020-11-20,21754.17,21510.74
2020-11-21,19429.17,19572.37
2020-11-22,17702.08,17421.37
2020-11-23,21566.67,21342.34
2020-11-24,22050.0,21720.04
2020-11-25,22150.0,22001.21
2020-11-26,21850.0,22299.5
2020-11-27,22479.17,22262.75
2020-11-28,20283.33,19973.24
2020-11-29,18012.5,17956.47
2020-11-30,22104.17,21925.06
2020-12-01,22683.33,22462.69
2020-12-02,22700.0,22968.94
2020-12-03,23012.5,23025.77
2020-12-04,22712.5,22186.2
2020-12-05,19791.67,19543.2
2020-12-06,17764.58,17740.42
2020-12-07,22025.0,21737.59
2020-12-08,22866.67,22589.98
2020-12-09,23112.5,22856.67
2020-12-10,23362.5,23077.27
2020-12-11,23125.0,22733.03
2020-12-12,20087.5,20419.2
2020-12-13,18425.0,18390.01
2020-12-14,22337.5,21993.09
2020-12-15,23158.33,22521.13
2020-12-16,23033.33,22500.92
2020-12-17,22833.33,22310.55
2020-12-18,22591.67,22146.66
2020-12-19,20262.5,20108.34
2020-12-20,18566.67,18369.09
2020-12-21,22316.67,21868.26
2020-12-22,22833.33,22037.5
2020-12-23,21725.0,21374.9
2020-12-24,16868.75,17148.49
2020-12-25,14533.33,15021.59
2020-12-26,14862.5,15279.72
2020-12-27,16335.42,15949.09
2020-12-28,19133.33,19396.94
2020-12-29,19872.92,19501.85
2020-12-30,19970.83,19480.7
2020-12-31,18418.96,17788.44
2021-01-01,15312.5,15699.23
2021-01-02,17883.33,17213.78
2021-01-03,17697.92,16664.53
2021-01-04,20811.46,20494.57
2021-01-05,20558.33,21394.91
2021-01-06,17831.25,18302.23
2021-01-07,21000.0,21491.66
2021-01-08,21861.46,22018.12
2021-01-09,20192.71,19973.79
2021-01-10,18391.67,17933.63
2021-01-11,21900.0,21913.86
2021-01-12,22520.83,22621.13
2021-01-13,22715.62,22629.16
2021-01-14,23175.38,22859.43
2021-01-15,22966.67,23185.04
2021-01-16,20407.21,20917.31
2021-01-17,19203.67,19424.96
2021-01-18,23897.92,23660.32
2021-01-19,23851.71,23658.03
2021-01-20,23022.12,22793.36
2021-01-21,22857.12,22051.57
2021-01-22,22996.25,21778.58
2021-01-23,20243.04,19674.69
2021-01-24,18388.29,17847.42
2021-01-25,22198.71,21905.0
2021-01-26,22800.04,22542.73
2021-01-27,23030.33,22686.71
2021-01-28,23147.38,22554.51
2021-01-29,23204.5,22596.73
2021-01-30,20559.96,20373.79
2021-01-31,18785.42,18688.68
