Data,Temperatura,Wilogtność powietrza,Prędkość wiatru,Zachmurzenie
2015-01-01,-0.77,31.8,1.34,7.57
2015-01-02,1.27,29.94,2.47,6.83
2015-01-03,1.87,28.0,2.8,6.95
2015-01-04,0.42,28.89,2.79,6.27
2015-01-05,-1.03,29.75,1.91,6.05
2015-01-06,-6.58,28.57,1.14,3.66
2015-01-07,-9.25,26.7,1.41,5.85
2015-01-08,-3.5,30.47,1.81,7.19
2015-01-09,1.52,30.54,2.98,7.58
2015-01-10,5.43,31.16,2.33,7.59
2015-01-11,3.21,25.87,2.88,6.5
2015-01-12,2.37,30.43,2.39,7.41
2015-01-13,5.07,27.18,2.25,4.82
2015-01-14,4.24,26.72,1.68,5.66
2015-01-15,1.74,29.81,1.52,5.79
2015-01-16,4.28,26.96,1.82,4.54
2015-01-17,4.59,29.11,1.66,5.79
2015-01-18,1.37,33.02,0.53,6.92
2015-01-19,0.18,32.78,0.82,7.55
2015-01-20,0.38,32.44,1.05,7.66
2015-01-21,1.03,32.91,0.48,7.59
2015-01-22,1.1,33.28,0.74,7.65
2015-01-23,0.74,32.91,0.91,7.55
2015-01-24,-0.91,32.51,0.85,7.52
2015-01-25,-1.46,32.47,0.96,7.75
2015-01-26,-1.4,31.74,0.74,7.57
2015-01-27,-1.69,31.64,1.21,7.06
2015-01-28,-0.06,31.32,1.2,7.36
2015-01-29,-0.36,29.62,1.99,6.59
2015-01-30,0.38,30.11,1.8,7.23
2015-01-31,-0.57,31.35,1.57,6.85
2015-02-01,-2.21,22.28,1.21,4.37
2015-02-02,-3.14,23.75,0.94,6.24
2015-02-03,-3.04,23.33,1.15,5.61
2015-02-04,-3.22,23.95,0.56,7.27
2015-02-05,-3.55,24.2,0.86,7.09
2015-02-06,-3.95,23.11,1.56,7.01
2015-02-07,-3.37,22.8,1.9,5.27
2015-02-08,-2.5,23.36,2.51,6.53
2015-02-09,-2.55,24.32,1.54,7.73
2015-02-10,0.62,25.53,1.19,7.7
2015-02-11,1.0,25.11,0.76,7.72
2015-02-12,0.73,23.38,1.15,5.35
2015-02-13,-0.49,22.46,1.06,2.87
2015-02-14,-0.47,21.22,0.95,2.24
2015-02-15,-0.97,22.53,1.37,4.44
2015-02-16,-2.37,21.54,2.33,5.36
2015-02-17,-3.67,19.02,1.71,1.79
2015-02-18,-2.61,22.04,1.29,4.33
2015-02-19,0.29,21.78,1.41,6.65
2015-02-20,2.29,20.07,1.61,3.19
2015-02-21,2.75,18.16,2.28,4.69
2015-02-22,2.72,20.84,1.04,5.35
2015-02-23,3.55,22.73,1.38,5.57
2015-02-24,4.3,23.34,0.84,6.89
2015-02-25,2.95,24.68,0.93,7.36
2015-02-26,2.57,25.07,0.68,7.26
2015-02-27,3.4,24.79,0.64,7.24
2015-02-28,3.25,24.46,0.72,7.48
2015-03-01,3.46,26.27,1.54,6.24
2015-03-02,3.95,26.82,1.93,6.48
2015-03-03,1.17,26.14,2.01,5.83
2015-03-04,0.67,25.69,1.85,5.72
2015-03-05,-0.34,26.73,0.97,5.6
2015-03-06,-0.52,26.98,0.94,5.8
2015-03-07,1.1,25.55,0.91,4.69
2015-03-08,4.46,20.8,1.17,3.61
2015-03-09,4.72,19.31,1.05,3.27
2015-03-10,3.63,22.66,0.69,2.94
2015-03-11,2.58,26.98,1.19,6.76
2015-03-12,2.62,26.74,1.79,7.39
2015-03-13,1.82,28.14,1.12,7.56
2015-03-14,2.11,28.62,1.06,7.88
2015-03-15,4.23,26.53,1.29,5.73
2015-03-16,5.19,23.87,1.71,3.13
2015-03-17,4.83,19.74,1.72,1.46
2015-03-18,2.3,19.18,1.27,1.42
2015-03-19,1.11,22.39,0.88,2.64
2015-03-20,1.68,22.49,0.82,2.28
2015-03-21,4.11,20.96,1.38,3.71
2015-03-22,1.0,25.12,1.26,5.86
2015-03-23,0.76,20.56,0.94,2.51
2015-03-24,5.39,20.24,1.53,2.58
2015-03-25,8.29,21.81,1.23,3.43
2015-03-26,10.18,23.33,1.44,5.77
2015-03-27,8.37,26.68,1.22,6.6
2015-03-28,4.84,27.68,1.27,7.54
2015-03-29,5.54,25.24,1.35,6.64
2015-03-30,5.86,24.79,2.71,6.51
2015-03-31,3.51,25.64,2.56,6.86
2015-04-01,2.89,24.33,2.78,6.97
2015-04-02,1.31,24.59,2.06,6.61
2015-04-03,1.1,25.82,1.89,6.48
2015-04-04,1.28,25.36,1.09,5.4
2015-04-05,0.65,25.84,1.14,6.78
2015-04-06,1.16,26.14,1.15,6.95
2015-04-07,3.05,24.21,1.56,6.08
2015-04-08,5.48,24.93,1.42,7.08
2015-04-09,5.9,18.8,0.98,2.4
2015-04-10,8.22,17.49,1.06,1.79
2015-04-11,10.14,18.15,1.12,2.03
2015-04-12,9.88,19.33,1.47,5.0
2015-04-13,8.02,19.2,2.54,5.82
2015-04-14,5.69,18.13,2.04,5.64
2015-04-15,11.28,20.23,1.83,5.52
2015-04-16,11.22,18.05,1.84,4.97
2015-04-17,7.16,22.41,1.15,6.54
2015-04-18,3.42,24.32,1.79,6.63
2015-04-19,4.34,22.38,1.44,6.28
2015-04-20,6.74,18.44,2.6,5.32
2015-04-21,6.57,18.78,1.65,3.96
2015-04-22,6.96,19.55,0.8,2.24
2015-04-23,9.42,16.83,1.37,1.92
2015-04-24,11.44,18.72,1.26,4.02
2015-04-25,12.88,18.5,1.2,3.26
2015-04-26,13.33,20.68,1.02,6.02
2015-04-27,14.13,21.08,1.48,3.51
2015-04-28,12.9,22.34,1.5,6.51
2015-04-29,6.73,22.44,1.52,5.16
2015-04-30,7.74,18.91,1.11,4.44
2015-05-01,9.14,22.06,1.14,6.42
2015-05-02,8.48,23.15,0.92,5.21
2015-05-03,8.89,19.6,0.8,4.31
2015-05-04,12.18,23.09,1.12,6.32
2015-05-05,15.59,22.42,1.32,5.63
2015-05-06,15.31,25.76,0.94,7.05
2015-05-07,13.09,21.99,1.34,4.4
2015-05-08,11.17,20.45,0.8,3.05
2015-05-09,11.98,21.17,0.67,5.62
2015-05-10,11.27,24.77,1.34,6.72
2015-05-11,10.05,22.62,0.93,4.99
2015-05-12,12.74,18.02,1.38,4.22
2015-05-13,13.01,20.27,1.45,4.96
2015-05-14,9.55,24.25,1.07,5.95
2015-05-15,9.27,22.0,1.14,4.32
2015-05-16,10.8,18.3,1.06,3.56
2015-05-17,11.13,21.03,1.91,5.76
2015-05-18,11.23,18.14,1.21,2.93
2015-05-19,15.67,18.49,1.32,4.15
2015-05-20,15.43,24.65,1.12,6.64
2015-05-21,11.88,26.63,1.0,7.47
2015-05-22,10.86,24.02,1.02,6.55
2015-05-23,10.76,25.53,0.88,7.29
2015-05-24,11.51,25.41,0.81,6.44
2015-05-25,12.75,25.25,0.7,6.98
2015-05-26,13.2,26.63,1.19,7.38
2015-05-27,9.2,24.19,1.87,7.21
2015-05-28,9.99,21.72,1.08,5.33
2015-05-29,12.25,20.41,0.94,3.57
2015-05-30,14.59,20.58,1.51,5.05
2015-05-31,13.65,20.06,1.0,4.62
2015-06-01,16.48,19.56,1.1,3.66
2015-06-02,18.41,20.83,1.3,3.63
2015-06-03,19.88,18.11,1.48,2.99
2015-06-04,16.77,19.02,1.24,3.48
2015-06-05,15.06,17.18,0.97,0.73
2015-06-06,18.61,16.11,1.04,1.37
2015-06-07,19.71,19.77,1.01,3.6
2015-06-08,16.55,20.6,1.24,5.63
2015-06-09,14.92,22.58,1.37,5.21
2015-06-10,15.49,20.79,0.99,4.64
2015-06-11,16.5,18.71,0.78,2.62
2015-06-12,18.96,18.76,1.11,2.57
2015-06-13,21.74,20.13,1.2,2.82
2015-06-14,20.96,20.3,1.23,3.86
2015-06-15,16.95,24.17,1.22,6.57
2015-06-16,13.09,20.8,1.16,5.3
2015-06-17,13.12,19.58,0.97,4.7
2015-06-18,13.48,20.97,0.88,5.98
2015-06-19,12.88,25.44,0.94,7.09
2015-06-20,11.73,23.83,0.84,5.61
2015-06-21,12.17,24.1,0.99,5.74
2015-06-22,13.29,22.04,1.26,5.35
2015-06-23,13.8,25.05,1.39,7.33
2015-06-24,13.14,22.26,1.12,5.63
2015-06-25,13.22,22.04,0.84,6.02
2015-06-26,15.68,21.22,0.81,4.94
2015-06-27,15.43,23.52,0.55,6.45
2015-06-28,16.18,24.85,0.85,6.64
2015-06-29,15.97,25.14,0.89,6.9
2015-06-30,16.88,21.74,0.82,4.3
2015-07-01,17.52,23.03,0.96,3.1
2015-07-02,18.28,20.67,1.17,1.36
2015-07-03,19.8,18.85,1.04,1.1
2015-07-04,21.64,19.48,0.76,1.3
2015-07-05,23.13,19.74,0.72,2.21
2015-07-06,23.15,21.83,1.33,3.73
2015-07-07,21.99,20.19,1.01,1.49
2015-07-08,20.77,26.92,1.68,6.78
2015-07-09,16.0,24.17,1.92,5.67
2015-07-10,12.53,22.42,2.36,5.48
2015-07-11,13.92,22.16,1.56,3.63
2015-07-12,16.27,22.26,0.98,4.59
2015-07-13,15.83,30.73,1.32,7.28
2015-07-14,16.34,28.75,1.27,6.86
2015-07-15,17.1,26.54,1.48,5.53
2015-07-16,17.95,23.66,0.99,3.4
2015-07-17,20.38,22.31,1.21,3.64
2015-07-18,21.96,21.26,1.39,4.03
2015-07-19,21.79,24.3,1.52,4.11
2015-07-20,19.45,24.18,1.92,4.26
2015-07-21,19.28,24.01,1.03,3.32
2015-07-22,22.91,22.95,1.04,2.52
2015-07-23,22.63,24.43,1.53,4.9
2015-07-24,20.34,24.97,1.07,5.13
2015-07-25,21.82,24.62,1.64,4.83
2015-07-26,16.87,25.4,1.52,5.67
2015-07-27,14.97,25.92,1.25,6.41
2015-07-28,17.05,24.56,1.89,5.2
2015-07-29,16.11,25.76,1.38,5.78
2015-07-30,15.36,23.3,1.69,4.0
2015-07-31,14.05,23.82,1.27,4.56
2015-08-01,14.9,22.09,1.06,2.9
2015-08-02,18.05,21.62,0.87,4.77
2015-08-03,20.02,23.03,0.78,4.17
2015-08-04,21.99,21.85,1.14,3.04
2015-08-05,22.07,23.57,1.11,4.22
2015-08-06,22.17,24.1,0.82,2.43
2015-08-07,23.88,22.0,0.95,1.87
2015-08-08,25.18,19.76,1.19,1.78
2015-08-09,23.55,22.94,1.07,3.7
2015-08-10,22.7,23.71,1.05,2.71
2015-08-11,23.38,21.72,0.93,2.14
2015-08-12,23.29,21.97,0.91,2.77
2015-08-13,22.1,23.35,1.35,3.05
2015-08-14,21.55,22.06,1.53,2.23
2015-08-15,22.02,21.61,1.15,3.36
2015-08-16,20.55,24.34,1.14,4.87
2015-08-17,19.39,23.39,1.59,5.98
2015-08-18,18.51,21.19,1.96,4.38
2015-08-19,15.9,19.89,1.85,2.44
2015-08-20,14.8,19.84,1.62,1.92
2015-08-21,14.55,20.89,1.19,3.29
2015-08-22,14.85,23.71,0.95,5.12
2015-08-23,16.7,23.18,1.18,4.41
2015-08-24,18.65,20.8,1.76,4.13
2015-08-25,17.97,24.51,1.6,6.48
2015-08-26,16.5,26.47,0.95,3.4
2015-08-27,18.72,23.22,1.36,3.26
2015-08-28,20.8,23.91,1.6,4.27
2015-08-29,18.65,26.94,0.94,3.64
2015-08-30,20.72,23.46,1.01,2.34
2015-08-31,23.03,21.3,1.11,1.95
2015-09-01,23.72,18.0,1.82,1.71
2015-09-02,17.88,28.09,1.81,6.1
2015-09-03,14.96,28.02,1.03,6.3
2015-09-04,14.2,30.64,1.31,6.35
2015-09-05,13.29,27.49,1.39,6.68
2015-09-06,11.65,27.85,2.68,7.0
2015-09-07,10.97,27.87,2.4,6.16
2015-09-08,10.18,27.8,1.98,5.56
2015-09-09,10.46,29.84,0.83,6.3
2015-09-10,11.08,28.32,1.51,5.11
2015-09-11,13.14,26.11,1.83,6.79
2015-09-12,13.5,28.44,1.29,5.49
2015-09-13,13.96,27.81,1.72,4.42
2015-09-14,15.93,25.41,2.7,4.96
2015-09-15,17.62,27.41,1.57,5.76
2015-09-16,19.15,26.65,2.3,5.24
2015-09-17,21.79,23.43,2.27,2.6
2015-09-18,17.89,24.74,1.41,4.34
2015-09-19,14.94,29.88,0.95,6.15
2015-09-20,12.83,31.29,1.45,7.25
2015-09-21,9.95,29.59,1.4,5.18
2015-09-22,10.03,27.27,1.43,3.43
2015-09-23,13.89,27.44,1.21,5.33
2015-09-24,14.33,29.24,1.31,5.94
2015-09-25,13.51,30.33,1.52,6.98
2015-09-26,11.15,31.21,1.94,7.28
2015-09-27,9.74,29.28,1.52,5.3
2015-09-28,8.45,29.15,1.31,4.82
2015-09-29,8.69,28.59,1.62,6.24
2015-09-30,8.01,27.61,1.23,5.53
2015-10-01,6.19,28.12,1.04,2.48
2015-10-02,7.91,26.16,1.09,2.87
2015-10-03,9.99,26.39,1.43,2.88
2015-10-04,13.48,26.22,1.83,2.6
2015-10-05,11.93,29.91,0.78,5.24
2015-10-06,10.96,30.1,1.22,5.52
2015-10-07,8.06,25.56,2.31,5.32
2015-10-08,5.68,25.58,1.37,4.75
2015-10-09,4.41,25.17,1.34,4.93
2015-10-10,2.7,25.12,1.57,3.96
2015-10-11,2.08,24.32,2.43,5.65
2015-10-12,1.23,29.92,1.61,7.13
2015-10-13,3.1,30.71,1.15,7.52
2015-10-14,6.0,29.41,1.84,7.32
2015-10-15,7.37,27.56,2.37,7.42
2015-10-16,9.84,29.34,1.92,6.67
2015-10-17,9.3,32.07,0.94,7.56
2015-10-18,7.39,31.96,1.18,6.33
2015-10-19,6.39,31.59,1.07,6.62
2015-10-20,5.97,33.34,1.4,7.89
2015-10-21,6.23,32.78,1.41,7.72
2015-10-22,6.4,31.97,1.2,7.61
2015-10-23,7.62,30.59,2.2,7.24
2015-10-24,7.33,29.79,0.92,4.15
2015-10-25,6.26,30.88,1.65,6.23
2015-10-26,5.59,30.86,1.07,4.41
2015-10-27,3.41,29.68,1.04,3.34
2015-10-28,4.66,27.95,1.79,3.39
2015-10-29,5.53,29.56,1.12,5.28
2015-10-30,5.29,30.89,0.7,3.96
2015-10-31,4.82,29.69,1.3,3.27
2015-11-01,5.04,26.23,1.57,2.45
2015-11-02,5.4,25.57,1.5,3.65
2015-11-03,4.1,27.35,1.08,3.27
2015-11-04,3.55,27.78,1.04,3.91
2015-11-05,2.31,30.95,0.99,5.25
2015-11-06,2.85,30.23,0.95,6.07
2015-11-07,6.59,31.71,1.26,7.5
2015-11-08,10.41,28.1,3.44,4.37
2015-11-09,7.43,30.99,1.95,7.26
2015-11-10,11.02,31.12,3.33,7.83
2015-11-11,12.24,31.35,2.53,7.66
2015-11-12,10.36,29.28,2.63,5.95
2015-11-13,6.23,30.51,1.61,5.49
2015-11-14,6.14,27.36,3.4,5.78
2015-11-15,5.1,31.21,2.33,7.7
2015-11-16,6.09,32.76,1.26,7.6
2015-11-17,7.89,32.25,2.05,7.77
2015-11-18,9.88,29.81,3.97,7.24
2015-11-19,8.29,27.74,3.45,6.18
2015-11-20,6.61,30.86,2.25,7.51
2015-11-21,2.84,32.6,0.95,7.52
2015-11-22,1.16,32.94,1.05,7.11
2015-11-23,-0.52,31.36,1.24,5.64
2015-11-24,-2.05,30.23,1.17,3.73
2015-11-25,-2.88,28.92,1.62,3.65
2015-11-26,-2.07,31.34,1.12,7.02
2015-11-27,-1.39,32.03,1.22,6.98
2015-11-28,-1.23,31.86,1.26,7.3
2015-11-29,1.55,30.02,2.49,6.29
2015-11-30,3.99,28.52,3.6,6.43
2015-12-01,3.57,30.16,3.89,6.96
2015-12-02,3.29,31.66,1.76,7.5
2015-12-03,4.64,32.62,1.11,7.0
2015-12-04,3.79,29.23,2.38,5.1
2015-12-05,4.94,28.28,2.44,5.14
2015-12-06,5.59,26.56,3.12,3.84
2015-12-07,5.28,29.64,1.88,5.92
2015-12-08,3.73,32.73,1.02,6.48
2015-12-09,2.73,32.09,1.37,7.61
2015-12-10,2.38,31.87,1.36,5.26
2015-12-11,0.65,28.26,2.36,4.87
2015-12-12,3.0,30.26,2.78,6.02
2015-12-13,3.24,30.78,3.37,7.46
2015-12-14,0.28,29.28,1.16,5.6
2015-12-15,-0.2,31.25,1.11,7.23
2015-12-16,0.21,32.76,0.88,6.18
2015-12-17,1.79,32.31,2.3,6.87
2015-12-18,5.3,32.35,1.96,7.44
2015-12-19,5.82,31.46,1.62,5.51
2015-12-20,4.46,30.4,2.05,3.73
2015-12-21,4.01,30.49,2.48,5.49
2015-12-22,6.54,27.49,3.74,5.91
2015-12-23,8.15,26.43,2.75,4.44
2015-12-24,3.61,31.13,1.14,3.28
2015-12-25,4.41,30.07,2.16,5.17
2015-12-26,7.61,28.81,3.43,5.43
2015-12-27,6.39,28.86,2.03,5.26
2015-12-28,5.02,30.67,2.03,7.16
2015-12-29,-0.68,29.71,1.84,5.32
2015-12-30,-5.87,27.66,1.66,2.78
2015-12-31,-6.71,25.6,1.52,1.94
2016-01-01,-8.71,27.94,1.17,3.86
2016-01-02,-11.18,26.84,2.29,3.14
2016-01-03,-14.09,26.83,1.47,2.86
2016-01-04,-12.61,25.85,1.87,4.85
2016-01-05,-9.5,28.84,1.44,6.25
2016-01-06,-5.92,30.86,1.18,6.44
2016-01-07,-5.44,31.45,1.33,7.26
2016-01-08,-3.19,30.59,2.07,6.24
2016-01-09,-1.53,31.11,1.32,5.22
2016-01-10,-0.32,33.17,1.37,7.17
2016-01-11,1.65,33.61,1.68,7.34
2016-01-12,1.65,32.11,2.5,7.25
2016-01-13,0.71,32.14,2.15,7.18
2016-01-14,-1.31,30.82,1.69,6.49
2016-01-15,-1.36,32.26,1.24,7.51
2016-01-16,-3.86,30.62,1.92,6.49
2016-01-17,-6.96,29.87,1.09,6.53
2016-01-18,-6.37,30.76,1.0,6.45
2016-01-19,-8.17,29.79,1.1,6.24
2016-01-20,-7.44,28.92,1.96,6.83
2016-01-21,-5.65,30.14,2.05,7.36
2016-01-22,-7.36,30.24,1.25,5.41
2016-01-23,-9.58,27.64,1.37,4.16
2016-01-24,-3.83,32.61,1.43,7.77
2016-01-25,-0.11,32.92,1.92,7.87
2016-01-26,3.13,33.51,1.64,7.55
2016-01-27,4.97,30.71,2.79,6.7
2016-01-28,5.58,28.75,3.15,6.68
2016-01-29,2.26,28.29,2.26,5.07
2016-01-30,5.1,26.49,3.48,4.95
2016-01-31,2.67,28.61,3.33,6.25
2016-02-01,2.34,31.7,2.29,7.4
2016-02-02,6.92,28.01,3.65,7.05
2016-02-03,4.76,26.86,2.96,6.64
2016-02-04,1.11,29.39,2.72,7.0
2016-02-05,-0.35,30.19,2.0,6.19
2016-02-06,1.46,29.71,1.98,5.64
2016-02-07,3.8,26.49,3.42,3.37
2016-02-08,5.57,26.1,3.09,6.28
2016-02-09,6.96,24.19,3.58,5.29
2016-02-10,4.91,29.33,2.48,7.69
2016-02-11,1.46,32.01,2.34,6.97
2016-02-12,0.94,30.27,1.94,5.63
2016-02-13,1.27,32.22,1.42,7.37
2016-02-14,3.03,31.36,1.84,5.6
2016-02-15,4.27,33.46,1.14,7.65
2016-02-16,2.16,31.7,1.75,7.41
2016-02-17,1.05,30.23,2.59,5.85
2016-02-18,4.7,30.72,1.52,7.21
2016-02-19,2.64,33.29,1.37,7.86
2016-02-20,0.61,31.34,2.01,6.27
2016-02-21,3.33,32.27,2.56,7.63
2016-02-22,7.88,28.54,3.59,5.93
2016-02-23,4.4,30.48,2.03,7.43
2016-02-24,0.93,31.31,2.01,6.14
2016-02-25,-1.2,30.4,1.47,6.08
2016-02-26,-1.15,31.46,1.26,5.79
2016-02-27,-2.14,28.97,1.5,4.25
2016-02-28,2.32,29.51,1.71,6.5
2016-02-29,1.76,32.06,1.82,7.61
2016-03-01,1.06,33.34,1.95,7.85
2016-03-02,0.99,31.6,1.94,6.66
2016-03-03,2.64,30.96,1.24,7.12
2016-03-04,2.08,32.37,1.12,7.32
2016-03-05,2.69,29.77,2.58,6.64
2016-03-06,5.08,28.19,2.23,6.73
2016-03-07,3.13,31.03,1.03,7.24
2016-03-08,3.52,31.23,1.1,7.48
2016-03-09,2.91,31.34,1.35,7.05
2016-03-10,3.43,31.88,1.62,7.75
2016-03-11,4.05,32.76,1.56,7.71
2016-03-12,3.17,32.89,1.46,7.81
2016-03-13,1.98,29.96,1.7,6.4
2016-03-14,0.51,29.27,1.48,5.59
2016-03-15,0.92,31.78,1.98,7.65
2016-03-16,0.91,28.53,1.19,3.28
2016-03-17,1.96,27.69,1.67,2.88
2016-03-18,3.42,26.77,2.82,5.32
2016-03-19,0.67,25.2,1.94,5.23
2016-03-20,2.14,27.69,2.14,7.35
2016-03-21,3.62,28.85,2.08,7.31
2016-03-22,3.15,30.24,2.07,6.93
2016-03-23,1.63,28.88,1.21,6.04
2016-03-24,0.53,26.05,1.47,4.19
2016-03-25,1.7,25.55,1.04,5.87
2016-03-26,4.05,30.03,1.19,7.05
2016-03-27,4.6,27.34,1.46,4.18
2016-03-28,5.76,23.7,1.55,3.75
2016-03-29,6.9,25.0,2.49,5.91
2016-03-30,6.81,26.72,2.11,5.85
2016-03-31,8.72,28.12,1.52,5.53
2016-04-01,5.49,29.19,2.15,6.05
2016-04-02,4.31,23.53,1.4,2.43
2016-04-03,7.87,20.01,1.62,2.84
2016-04-04,11.62,20.82,1.68,3.58
2016-04-05,13.76,21.22,1.32,2.81
2016-04-06,11.76,26.37,1.83,5.28
2016-04-07,10.69,25.01,1.34,5.66
2016-04-08,9.44,28.8,1.44,7.25
2016-04-09,8.08,29.17,1.71,7.57
2016-04-10,7.2,30.37,1.85,7.7
2016-04-11,8.13,29.33,1.47,7.26
2016-04-12,9.75,30.06,1.02,7.2
2016-04-13,10.76,29.33,1.17,5.47
2016-04-14,8.72,30.68,1.63,7.43
2016-04-15,8.32,26.16,1.65,5.9
2016-04-16,11.11,26.78,1.81,5.39
2016-04-17,12.16,25.64,2.42,4.68
2016-04-18,8.27,27.34,1.56,6.47
2016-04-19,6.79,24.53,2.17,5.84
2016-04-20,6.35,24.79,3.08,5.1
2016-04-21,7.1,22.01,1.93,2.3
2016-04-22,7.9,21.12,2.62,2.9
2016-04-23,6.73,22.84,1.08,6.41
2016-04-24,5.04,28.56,2.02,6.91
2016-04-25,3.02,28.69,1.51,6.65
2016-04-26,4.82,23.51,1.78,3.93
2016-04-27,5.34,26.37,1.99,6.5
2016-04-28,5.38,24.34,1.93,4.55
2016-04-29,6.77,25.66,1.35,4.21
2016-04-30,8.03,26.95,1.54,4.82
2016-05-01,9.21,27.72,1.37,5.74
2016-05-02,10.79,27.64,1.49,6.18
2016-05-03,11.61,27.11,1.49,5.96
2016-05-04,11.49,26.79,1.82,5.84
2016-05-05,11.91,25.16,1.87,4.52
2016-05-06,12.14,21.2,1.49,2.93
2016-05-07,11.81,21.86,1.91,3.15
2016-05-08,12.69,25.86,1.8,4.7
2016-05-09,12.32,26.34,1.46,4.62
2016-05-10,13.22,23.71,1.62,2.49
2016-05-11,13.64,24.5,1.18,3.75
2016-05-12,14.06,23.73,1.69,3.47
2016-05-13,13.59,28.26,1.59,6.66
2016-05-14,12.11,30.57,2.05,6.97
2016-05-15,8.68,24.33,2.5,5.78
2016-05-16,7.03,25.64,2.07,5.62
2016-05-17,6.63,27.66,1.85,6.79
2016-05-18,8.16,28.81,1.07,6.61
2016-05-19,10.63,24.87,0.97,4.01
2016-05-20,12.44,23.26,1.23,3.61
2016-05-21,14.01,24.25,1.28,3.87
2016-05-22,16.29,22.88,1.24,3.36
2016-05-23,18.06,21.09,1.81,1.78
2016-05-24,17.58,21.21,1.93,2.73
2016-05-25,15.07,25.72,1.68,5.21
2016-05-26,14.59,29.25,1.45,5.09
2016-05-27,15.78,26.39,1.06,4.99
2016-05-28,17.71,25.72,1.22,5.23
2016-05-29,18.77,25.15,1.62,4.39
2016-05-30,19.24,25.48,1.86,5.32
2016-05-31,17.98,28.68,1.49,5.7
2016-06-01,17.63,27.85,1.62,5.14
2016-06-02,15.55,29.39,1.27,6.67
2016-06-03,16.54,26.5,1.41,5.08
2016-06-04,16.64,25.06,1.18,3.63
2016-06-05,16.26,23.37,1.52,2.92
2016-06-06,13.5,21.73,1.98,2.68
2016-06-07,12.54,20.15,1.32,1.37
2016-06-08,14.84,19.29,1.4,1.98
2016-06-09,14.67,23.74,1.49,5.11
2016-06-10,14.36,23.61,2.04,4.6
2016-06-11,12.73,24.61,1.47,5.93
2016-06-12,13.59,23.12,1.27,4.8
2016-06-13,14.5,23.68,1.86,5.5
2016-06-14,15.19,27.27,1.45,6.48
2016-06-15,15.95,29.26,1.33,5.94
2016-06-16,17.68,24.67,2.27,4.4
2016-06-17,20.21,24.7,3.69,4.99
2016-06-18,16.95,23.48,1.69,3.51
2016-06-19,17.94,23.37,1.53,4.12
2016-06-20,17.55,30.97,1.45,6.17
2016-06-21,18.1,27.78,1.52,4.8
2016-06-22,19.72,25.33,1.1,3.58
2016-06-23,21.46,24.2,1.21,2.6
2016-06-24,23.27,23.51,1.27,1.91
2016-06-25,23.89,23.93,1.81,3.43
2016-06-26,21.6,27.41,2.01,4.84
2016-06-27,17.16,28.83,1.39,7.02
2016-06-28,16.77,28.21,1.35,5.56
2016-06-29,18.3,24.53,1.08,3.0
2016-06-30,20.35,23.57,1.23,3.64
2016-07-01,20.3,27.45,1.14,4.8
2016-07-02,21.59,24.56,1.54,3.38
2016-07-03,17.07,31.16,1.69,6.09
2016-07-04,15.31,24.33,1.64,3.07
2016-07-05,16.58,23.01,1.44,3.68
2016-07-06,15.71,26.99,3.14,5.17
2016-07-07,14.35,25.67,2.7,4.42
2016-07-08,15.82,23.14,1.58,4.42
2016-07-09,16.38,29.04,2.46,6.46
2016-07-10,18.03,25.31,1.42,4.45
2016-07-11,22.06,22.43,2.36,3.62
2016-07-12,21.5,27.1,1.61,5.49
2016-07-13,19.25,30.32,1.43,6.04
2016-07-14,16.44,32.89,2.65,7.14
2016-07-15,14.39,28.55,2.59,6.31
2016-07-16,14.64,30.48,1.66,6.67
2016-07-17,15.2,32.13,1.64,7.17
2016-07-18,15.3,30.78,1.95,7.36
2016-07-19,15.48,30.39,1.72,6.76
2016-07-20,16.49,27.2,1.45,4.03
2016-07-21,17.11,24.15,1.67,2.51
2016-07-22,17.9,26.15,1.41,2.96
2016-07-23,18.49,27.86,1.12,3.85
2016-07-24,19.41,27.55,0.92,4.49
2016-07-25,20.81,27.88,0.98,5.24
2016-07-26,21.05,28.36,1.15,5.53
2016-07-27,20.36,30.13,1.13,5.42
2016-07-28,19.88,30.77,1.06,6.54
2016-07-29,19.11,31.31,1.04,5.87
2016-07-30,19.34,28.35,1.29,4.26
2016-07-31,20.06,28.12,1.35,5.34
2016-08-01,17.96,30.52,1.6,6.68
2016-08-02,16.27,27.04,0.99,3.84
2016-08-03,16.85,28.34,1.06,5.48
2016-08-04,20.23,27.83,1.54,4.7
2016-08-05,20.75,27.01,1.87,3.97
2016-08-06,16.79,32.59,1.56,7.35
2016-08-07,15.72,26.38,1.84,2.81
2016-08-08,17.63,23.87,1.34,2.37
2016-08-09,17.63,27.89,1.5,4.82
2016-08-10,13.24,32.03,1.43,7.49
2016-08-11,11.71,29.21,1.5,5.7
2016-08-12,12.09,26.17,1.11,4.55
2016-08-13,15.23,28.4,1.56,5.97
2016-08-14,17.5,27.97,1.86,4.97
2016-08-15,15.57,28.22,1.45,4.94
2016-08-16,13.89,28.93,1.37,6.53
2016-08-17,13.18,31.23,1.02,5.8
2016-08-18,14.1,28.3,1.19,4.56
2016-08-19,16.32,27.12,1.02,3.1
2016-08-20,17.98,26.23,1.16,3.5
2016-08-21,18.17,29.65,1.35,6.19
2016-08-22,15.58,32.85,1.39,7.15
2016-08-23,16.15,30.14,1.32,4.74
2016-08-24,16.68,30.19,1.19,4.53
2016-08-25,16.17,28.23,1.07,2.06
2016-08-26,17.29,25.54,1.37,1.35
2016-08-27,18.38,25.73,1.1,1.31
2016-08-28,19.16,26.27,1.21,1.35
2016-08-29,19.26,26.36,1.77,4.51
2016-08-30,15.57,27.89,1.82,4.01
2016-08-31,13.53,27.9,1.02,2.3
2016-09-01,15.21,26.52,1.04,1.92
2016-09-02,15.76,27.6,1.15,4.02
2016-09-03,15.97,27.36,1.21,4.58
2016-09-04,17.18,27.69,1.9,4.66
2016-09-05,15.27,32.92,1.49,7.42
2016-09-06,15.11,31.33,1.5,6.1
2016-09-07,16.3,29.99,0.93,2.82
2016-09-08,16.79,29.08,0.87,2.18
2016-09-09,17.64,28.16,0.84,2.04
2016-09-10,17.86,28.95,0.84,2.23
2016-09-11,18.05,29.2,0.82,2.79
2016-09-12,17.91,28.03,0.98,1.9
2016-09-13,17.5,27.55,1.11,1.73
2016-09-14,15.34,27.79,1.18,2.63
2016-09-15,14.0,27.39,1.01,2.08
2016-09-16,15.44,27.36,1.15,2.48
2016-09-17,15.51,28.66,1.4,6.07
2016-09-18,13.09,29.78,1.6,6.57
2016-09-19,10.72,29.94,1.59,6.48
2016-09-20,9.15,28.63,1.22,6.92
2016-09-21,8.73,31.03,1.04,6.01
2016-09-22,8.23,31.07,1.38,5.29
2016-09-23,9.68,30.01,1.28,4.85
2016-09-24,10.85,30.45,1.32,5.46
2016-09-25,9.51,30.84,0.95,4.52
2016-09-26,8.82,30.22,1.03,3.86
2016-09-27,8.15,30.61,0.97,3.25
2016-09-28,10.36,29.3,1.91,6.07
2016-09-29,15.93,26.29,2.22,4.98
2016-09-30,15.32,26.11,1.93,4.52
2016-10-01,12.98,30.58,1.21,4.49
2016-10-02,13.54,30.71,1.23,5.6
2016-10-03,11.83,34.72,1.58,7.83
2016-10-04,9.02,29.6,3.1,6.4
2016-10-05,4.61,33.93,2.8,7.81
2016-10-06,4.55,33.69,1.55,6.52
2016-10-07,4.19,32.78,0.96,6.69
2016-10-08,5.0,33.67,1.04,7.57
2016-10-09,5.82,33.44,0.91,6.57
2016-10-10,5.88,33.94,1.1,7.61
2016-10-11,5.41,33.9,1.74,7.89
2016-10-12,5.63,34.16,2.44,7.92
2016-10-13,4.13,32.31,1.57,6.97
2016-10-14,4.07,31.15,2.06,4.08
2016-10-15,6.26,30.68,2.55,5.74
2016-10-16,5.05,32.69,2.15,7.28
2016-10-17,5.19,30.32,1.94,6.44
2016-10-18,6.97,31.39,1.43,7.0
2016-10-19,7.22,32.66,1.31,7.41
2016-10-20,6.79,33.43,1.73,7.53
2016-10-21,6.05,34.49,1.46,7.82
2016-10-22,5.1,34.54,1.17,6.59
2016-10-23,5.16,32.5,1.76,4.54
2016-10-24,8.06,32.39,2.14,6.55
2016-10-25,10.36,33.34,1.85,7.25
2016-10-26,6.26,32.68,1.22,7.04
2016-10-27,4.19,31.06,0.91,6.47
2016-10-28,4.9,30.03,2.35,6.01
2016-10-29,6.46,29.69,3.53,6.25
2016-10-30,4.49,31.3,2.96,6.59
2016-10-31,4.05,31.42,2.1,6.56
2016-11-01,5.13,31.65,1.66,7.56
2016-11-02,5.18,30.25,2.82,6.99
2016-11-03,2.04,29.77,2.82,6.93
2016-11-04,1.21,28.15,1.62,5.3
2016-11-05,3.97,27.05,2.9,6.58
2016-11-06,6.1,32.34,1.4,7.87
2016-11-07,3.15,32.53,1.48,7.08
2016-11-08,0.6,31.35,0.92,5.99
2016-11-09,0.14,32.85,1.13,6.84
2016-11-10,-0.58,30.74,1.13,6.43
2016-11-11,1.03,31.67,1.14,7.13
2016-11-12,-1.03,32.04,1.61,6.81
2016-11-13,-2.02,31.78,1.77,7.24
2016-11-14,-1.3,31.33,1.05,6.22
2016-11-15,-1.99,28.82,1.98,5.56
2016-11-16,1.52,32.65,2.11,7.78
2016-11-17,3.82,31.99,2.4,7.41
2016-11-18,6.19,28.44,3.25,5.07
2016-11-19,7.96,28.88,2.37,6.65
2016-11-20,7.18,30.44,2.42,5.6
2016-11-21,8.23,28.21,2.84,3.57
2016-11-22,6.54,29.2,2.67,2.74
2016-11-23,4.75,30.17,1.38,3.89
2016-11-24,3.89,32.13,0.94,6.16
2016-11-25,2.4,32.61,0.98,7.2
2016-11-26,1.56,31.28,1.74,6.03
2016-11-27,2.59,31.02,2.71,6.98
2016-11-28,-1.69,30.14,3.03,6.88
2016-11-29,-3.14,30.62,2.62,6.79
2016-11-30,-1.2,30.15,2.79,7.39
2016-12-01,0.42,34.27,2.56,7.82
2016-12-02,0.61,31.97,3.68,7.24
2016-12-03,-1.53,31.94,2.38,5.64
2016-12-04,-3.68,31.82,1.42,5.07
2016-12-05,-3.81,30.06,2.12,3.51
2016-12-06,-2.22,32.69,1.86,6.36
2016-12-07,-2.69,31.72,1.47,5.3
2016-12-08,2.12,29.4,3.5,6.57
2016-12-09,4.48,30.61,2.98,7.26
2016-12-10,6.1,31.51,3.21,7.31
2016-12-11,5.17,33.02,3.17,7.73
2016-12-12,-0.51,31.72,2.63,5.92
2016-12-13,-5.45,29.54,1.56,3.63
2016-12-14,-1.43,32.86,2.18,7.61
2016-12-15,-0.25,33.65,1.11,7.58
2016-12-16,-3.64,31.32,1.02,3.55
2016-12-17,-3.47,30.96,1.4,5.0
2016-12-18,-2.36,33.67,1.03,7.83
2016-12-19,-0.36,33.76,1.28,7.4
2016-12-20,-0.9,32.98,0.98,6.11
2016-12-21,-1.15,32.26,1.74,3.86
2016-12-22,-2.45,31.05,1.44,3.23
2016-12-23,-1.6,32.93,1.52,5.94
2016-12-24,-0.38,32.44,2.48,7.15
2016-12-25,1.55,32.92,2.32,7.52
2016-12-26,4.63,33.23,2.77,7.45
2016-12-27,2.76,29.14,4.82,7.24
2016-12-28,0.04,30.63,3.26,6.34
2016-12-29,-2.11,32.0,1.62,6.2
2016-12-30,-3.17,30.83,1.32,3.26
2016-12-31,-3.13,29.21,1.62,3.0
2017-01-01,-2.24,29.09,2.15,4.22
2017-01-02,-2.06,30.48,2.34,6.11
2017-01-03,-2.25,31.88,2.77,6.86
2017-01-04,-0.36,32.35,4.18,7.54
2017-01-05,-5.82,29.26,3.29,6.5
2017-01-06,-13.26,27.56,2.23,4.89
2017-01-07,-17.08,27.24,1.48,4.22
2017-01-08,-14.47,27.54,1.25,4.46
2017-01-09,-9.33,29.69,1.2,6.85
2017-01-10,-10.5,28.91,1.44,3.68
2017-01-11,-11.32,27.36,1.62,2.52
2017-01-12,-3.92,31.68,3.04,7.39
2017-01-13,-0.83,30.22,2.59,7.68
2017-01-14,-1.32,32.67,1.78,7.13
2017-01-15,-3.01,32.27,1.44,6.17
2017-01-16,-5.4,31.4,0.88,5.17
2017-01-17,-6.03,32.07,1.17,7.39
2017-01-18,-6.9,31.63,1.42,6.98
2017-01-19,-7.72,30.42,1.28,6.12
2017-01-20,-4.45,32.0,1.29,7.61
2017-01-21,-0.56,33.81,1.17,7.51
2017-01-22,-1.49,32.57,1.35,5.73
2017-01-23,-3.77,30.28,1.36,3.78
2017-01-24,-5.44,31.91,1.31,7.23
2017-01-25,-2.64,33.42,0.98,7.43
2017-01-26,-5.63,29.97,0.89,4.38
2017-01-27,-6.09,28.12,0.98,2.73
2017-01-28,-5.26,27.92,1.1,2.65
2017-01-29,-4.46,28.3,1.32,3.26
2017-01-30,-3.84,27.42,1.78,3.8
2017-01-31,-3.28,29.56,1.95,5.2
2017-02-01,-2.13,31.75,1.24,6.5
2017-02-02,-0.48,32.97,1.42,7.04
2017-02-03,0.52,33.79,1.03,6.96
2017-02-04,-0.41,33.71,1.36,6.96
2017-02-05,-0.86,33.49,1.29,7.32
2017-02-06,-1.83,32.26,1.51,7.79
2017-02-07,-5.09,31.48,2.09,7.9
2017-02-08,-8.08,29.61,1.87,7.75
2017-02-09,-6.72,29.26,1.56,7.53
2017-02-10,-4.6,27.33,1.77,4.29
2017-02-11,-5.96,28.67,1.88,4.11
2017-02-12,-5.62,29.6,1.7,4.7
2017-02-13,-6.86,30.7,0.96,5.25
2017-02-14,-4.34,29.18,1.3,3.33
2017-02-15,-1.34,28.46,0.75,3.09
2017-02-16,0.27,27.45,1.31,2.33
2017-02-17,1.12,31.59,1.31,7.05
2017-02-18,0.98,34.57,1.11,7.81
2017-02-19,1.26,31.86,1.35,6.38
2017-02-20,1.41,30.45,2.63,5.67
2017-02-21,4.01,31.86,3.37,7.37
2017-02-22,3.89,31.22,3.03,6.81
2017-02-23,4.96,30.03,2.9,7.33
2017-02-24,3.94,27.29,4.4,6.73
2017-02-25,-0.8,28.52,2.44,4.74
2017-02-26,2.34,25.2,2.88,7.45
2017-02-27,5.97,23.85,2.2,3.92
2017-02-28,6.82,24.66,2.81,4.74
2017-03-01,4.82,29.43,1.79,6.34
2017-03-02,3.57,28.29,3.29,5.44
2017-03-03,3.81,26.44,2.29,4.12
2017-03-04,6.49,23.32,2.99,4.5
2017-03-05,9.02,23.66,2.43,5.5
2017-03-06,5.05,31.75,1.79,7.08
2017-03-07,2.78,30.71,1.16,6.48
2017-03-08,2.48,31.25,1.26,6.83
2017-03-09,2.7,32.13,1.31,7.5
2017-03-10,2.89,31.18,1.38,7.45
2017-03-11,2.63,29.66,1.65,6.76
2017-03-12,1.85,30.17,1.52,7.23
2017-03-13,1.98,30.89,1.04,7.01
2017-03-14,2.66,28.62,1.07,4.99
2017-03-15,4.19,27.09,2.4,5.56
2017-03-16,3.64,26.0,2.69,5.38
2017-03-17,4.06,26.03,2.41,5.38
2017-03-18,4.08,31.68,2.68,7.6
2017-03-19,2.48,27.18,3.07,5.97
2017-03-20,5.2,32.28,1.77,7.32
2017-03-21,8.3,28.74,1.88,6.33
2017-03-22,5.63,31.11,1.52,7.26
2017-03-23,5.85,29.21,1.78,6.83
2017-03-24,5.44,28.97,1.64,5.65
2017-03-25,3.21,26.03,2.16,5.7
2017-03-26,2.68,26.87,1.7,4.79
2017-03-27,5.84,23.53,2.12,2.78
2017-03-28,8.71,23.78,1.82,1.69
2017-03-29,8.95,24.78,2.72,4.87
2017-03-30,7.77,28.77,1.46,6.28
2017-03-31,10.09,27.16,1.58,3.54
2017-04-01,11.99,22.96,1.82,1.86
2017-04-02,12.43,21.8,1.65,2.03
2017-04-03,9.95,28.8,1.51,5.53
2017-04-04,10.48,27.01,1.78,4.75
2017-04-05,9.17,28.65,1.47,6.15
2017-04-06,5.4,29.72,2.84,7.06
2017-04-07,4.14,31.1,1.81,7.37
2017-04-08,7.39,27.66,2.22,6.32
2017-04-09,7.45,28.43,1.14,4.84
2017-04-10,10.26,24.32,2.03,2.27
2017-04-11,7.08,26.52,2.79,6.2
2017-04-12,5.6,28.14,2.58,6.64
2017-04-13,6.9,29.54,2.38,6.85
2017-04-14,5.65,28.04,2.38,6.48
2017-04-15,6.31,26.97,1.97,6.63
2017-04-16,4.23,27.66,2.35,6.27
2017-04-17,2.53,27.51,1.25,5.64
2017-04-18,2.07,28.38,2.02,7.07
2017-04-19,1.8,26.68,2.86,6.89
2017-04-20,1.23,24.43,2.38,6.38
2017-04-21,3.36,24.48,2.75,6.46
2017-04-22,5.54,25.73,2.76,6.7
2017-04-23,3.3,28.51,2.41,6.05
2017-04-24,4.58,24.98,2.22,5.03
2017-04-25,9.26,21.99,2.91,6.01
2017-04-26,7.63,28.5,1.91,7.22
2017-04-27,5.27,31.07,1.24,7.52
2017-04-28,6.31,32.44,1.7,7.79
2017-04-29,5.61,29.58,1.57,6.63
2017-04-30,5.38,28.05,1.49,5.41
2017-05-01,7.42,24.66,2.49,3.29
2017-05-02,8.87,27.56,1.96,5.9
2017-05-03,9.88,30.08,1.65,7.43
2017-05-04,11.35,30.75,1.61,6.96
2017-05-05,11.79,30.17,1.31,6.44
2017-05-06,13.42,29.04,1.13,6.34
2017-05-07,11.25,31.57,1.57,7.23
2017-05-08,7.66,29.71,2.24,7.44
2017-05-09,3.49,26.23,2.28,6.09
2017-05-10,3.89,24.55,1.61,5.53
2017-05-11,8.77,23.61,2.06,3.37
2017-05-12,11.27,28.03,1.79,5.36
2017-05-13,12.28,29.11,1.24,6.15
2017-05-14,13.4,24.88,1.23,3.77
2017-05-15,13.39,25.03,1.32,5.22
2017-05-16,13.23,27.25,1.37,5.17
2017-05-17,13.3,22.83,1.2,3.08
2017-05-18,15.56,20.9,1.42,2.27
2017-05-19,17.11,19.91,1.71,1.66
2017-05-20,16.24,24.77,1.89,4.58
2017-05-21,14.32,27.71,2.7,6.48
2017-05-22,14.76,25.0,1.44,4.75
2017-05-23,14.91,24.94,1.11,4.94
2017-05-24,12.93,29.8,1.75,7.19
2017-05-25,11.92,28.77,1.45,6.19
2017-05-26,13.15,26.59,1.62,4.48
2017-05-27,14.08,24.95,1.35,3.21
2017-05-28,16.22,21.62,1.26,1.38
2017-05-29,18.56,20.76,1.88,3.24
2017-05-30,18.91,26.03,1.66,5.06
2017-05-31,18.1,26.2,2.53,4.98
2017-06-01,14.55,21.12,2.49,2.66
2017-06-02,14.3,19.79,1.89,2.25
2017-06-03,14.26,19.49,1.3,1.91
2017-06-04,16.91,23.59,2.16,5.42
2017-06-05,15.91,25.7,1.32,5.46
2017-06-06,17.53,23.96,2.3,5.31
2017-06-07,15.78,23.92,2.03,5.26
2017-06-08,14.54,20.95,1.67,3.29
2017-06-09,16.17,20.74,1.22,2.57
2017-06-10,16.03,24.27,1.62,5.67
2017-06-11,16.08,24.25,1.25,4.41
2017-06-12,17.17,24.68,2.07,5.94
2017-06-13,15.43,23.33,3.04,5.27
2017-06-14,14.42,23.57,2.55,5.19
2017-06-15,15.32,23.09,1.3,2.9
2017-06-16,15.36,25.7,1.91,6.5
2017-06-17,12.73,29.84,2.46,7.53
2017-06-18,16.22,26.25,1.82,4.76
2017-06-19,18.72,24.37,1.5,2.05
2017-06-20,20.45,22.12,1.88,2.73
2017-06-21,17.31,21.59,2.07,3.34
2017-06-22,17.16,21.92,1.39,4.5
2017-06-23,17.58,28.87,2.44,6.87
2017-06-24,18.61,25.03,2.05,4.73
2017-06-25,19.46,23.19,1.9,4.68
2017-06-26,18.3,26.32,1.75,5.43
2017-06-27,18.13,23.77,1.48,4.76
2017-06-28,20.95,24.75,2.51,5.21
2017-06-29,20.42,26.32,2.9,5.1
2017-06-30,18.2,23.72,2.96,4.84
2017-07-01,16.5,27.83,1.85,6.05
2017-07-02,15.6,28.77,2.32,6.03
2017-07-03,14.98,24.87,2.52,4.77
2017-07-04,14.21,25.67,2.01,5.09
2017-07-05,14.64,26.41,1.51,5.37
2017-07-06,15.3,26.17,1.33,4.14
2017-07-07,15.36,25.76,1.26,5.74
2017-07-08,17.22,28.87,1.68,6.14
2017-07-09,18.13,25.88,1.35,3.95
2017-07-10,19.43,25.67,1.96,5.54
2017-07-11,19.52,29.12,1.82,5.73
2017-07-12,18.8,26.59,1.37,4.35
2017-07-13,15.44,28.75,3.01,5.69
2017-07-14,14.1,24.86,1.17,5.21
2017-07-15,13.85,27.56,1.16,5.88
2017-07-16,14.8,25.92,1.21,4.3
2017-07-17,16.12,26.17,1.51,5.21
2017-07-18,17.5,24.56,1.15,3.34
2017-07-19,18.91,24.93,1.21,3.58
2017-07-20,20.31,25.17,1.49,4.11
2017-07-21,19.24,29.51,1.46,5.58
2017-07-22,19.38,27.17,1.13,4.29
2017-07-23,19.35,29.62,1.18,5.88
2017-07-24,18.86,26.99,1.19,5.61
2017-07-25,16.85,31.65,1.58,7.44
2017-07-26,15.63,28.12,1.73,5.3
2017-07-27,16.17,27.02,1.39,4.87
2017-07-28,16.46,28.91,1.31,5.93
2017-07-29,17.28,25.38,1.7,3.4
2017-07-30,20.5,22.72,1.34,1.3
2017-07-31,22.73,23.7,1.41,3.09
2017-08-01,23.89,23.17,1.51,1.84
2017-08-02,23.04,25.05,1.66,4.35
2017-08-03,22.22,26.23,1.53,4.95
2017-08-04,22.09,24.65,1.49,5.03
2017-08-05,21.54,22.95,1.44,3.21
2017-08-06,18.46,27.47,1.73,6.16
2017-08-07,15.23,28.17,1.09,5.33
2017-08-08,16.25,25.43,2.06,2.64
2017-08-09,20.42,25.73,1.47,2.48
2017-08-10,22.5,26.7,1.46,4.47
2017-08-11,22.78,26.05,1.93,2.94
2017-08-12,19.08,29.11,1.94,6.25
2017-08-13,15.18,29.8,1.43,6.24
2017-08-14,15.81,26.71,1.19,3.83
2017-08-15,16.53,24.95,1.24,2.69
2017-08-16,18.02,25.21,1.05,3.17
2017-08-17,18.47,28.87,1.12,4.99
2017-08-18,20.5,26.26,1.14,3.83
2017-08-19,19.27,27.78,1.82,5.6
2017-08-20,14.08,32.64,1.4,7.43
2017-08-21,12.89,30.1,1.57,5.54
2017-08-22,12.71,29.85,1.6,6.58
2017-08-23,12.51,29.95,1.67,6.06
2017-08-24,13.96,26.85,1.53,3.43
2017-08-25,16.83,27.26,1.52,4.28
2017-08-26,17.36,29.55,0.99,4.77
2017-08-27,18.45,28.77,1.9,5.04
2017-08-28,14.98,28.53,1.56,4.55
2017-08-29,13.58,28.64,0.94,2.79
2017-08-30,15.46,25.71,1.27,1.39
2017-08-31,17.7,24.68,1.38,2.79
2017-09-01,16.73,30.2,1.2,5.22
2017-09-02,13.43,32.41,1.73,7.46
2017-09-03,11.66,33.47,1.42,7.74
2017-09-04,12.03,31.64,2.05,6.54
2017-09-05,12.1,32.23,2.13,7.86
2017-09-06,13.67,32.21,1.42,7.4
2017-09-07,12.35,29.36,2.63,6.46
2017-09-08,12.54,28.14,1.79,4.0
2017-09-09,15.25,25.89,2.13,3.42
2017-09-10,16.68,28.75,1.76,4.94
2017-09-11,17.43,29.21,1.81,6.01
2017-09-12,13.91,32.32,1.45,7.14
2017-09-13,13.13,27.39,2.69,4.84
2017-09-14,15.66,25.27,2.89,5.01
2017-09-15,11.45,28.45,2.07,5.49
2017-09-16,11.26,31.61,1.06,6.86
2017-09-17,11.94,33.09,1.29,7.48
2017-09-18,10.84,29.88,2.14,4.1
2017-09-19,9.37,31.21,1.07,6.33
2017-09-20,10.29,33.21,1.24,7.37
2017-09-21,9.98,33.64,1.89,7.35
2017-09-22,10.61,33.65,1.19,7.55
2017-09-23,11.22,33.58,1.37,7.58
2017-09-24,11.94,32.75,1.06,7.09
2017-09-25,11.82,31.91,1.5,5.53
2017-09-26,11.97,30.88,1.44,5.15
2017-09-27,11.21,28.28,1.9,3.49
2017-09-28,9.69,28.31,1.65,2.35
2017-09-29,8.31,29.03,1.54,3.02
2017-09-30,7.92,28.43,1.54,2.56
2017-10-01,7.15,29.09,1.22,1.73
2017-10-02,7.86,28.15,1.75,2.96
2017-10-03,9.84,32.43,1.83,7.59
2017-10-04,9.91,30.22,2.33,6.64
2017-10-05,9.76,30.78,2.75,7.58
2017-10-06,8.26,31.4,2.07,6.35
2017-10-07,7.69,32.35,1.7,6.4
2017-10-08,7.15,32.46,1.75,6.74
2017-10-09,5.86,30.22,2.63,5.21
2017-10-10,6.75,31.53,2.07,6.63
2017-10-11,10.64,31.96,2.29,7.45
2017-10-12,12.11,29.54,2.73,5.52
2017-10-13,9.86,27.88,2.83,5.83
2017-10-14,10.5,31.46,1.92,5.96
2017-10-15,13.16,31.24,1.8,4.79
2017-10-16,12.62,30.27,1.48,2.47
2017-10-17,12.46,30.13,1.17,2.95
2017-10-18,11.46,30.02,1.02,3.88
2017-10-19,10.02,31.86,0.97,4.24
2017-10-20,9.91,32.48,1.01,5.65
2017-10-21,9.24,33.13,1.13,6.78
2017-10-22,7.15,33.41,1.23,7.42
2017-10-23,6.7,34.53,1.59,7.8
2017-10-24,4.88,33.44,1.42,7.64
2017-10-25,6.74,32.81,1.93,7.33
2017-10-26,9.86,31.02,2.12,7.07
2017-10-27,7.92,32.88,2.04,7.53
2017-10-28,5.8,32.64,3.04,7.71
2017-10-29,5.1,31.7,4.58,7.36
2017-10-30,2.48,28.47,4.41,6.33
2017-10-31,2.06,28.89,2.77,5.72
2017-11-01,4.88,31.56,2.73,7.71
2017-11-02,7.74,32.1,2.83,7.79
2017-11-03,7.04,33.28,1.45,7.59
2017-11-04,5.69,30.32,1.65,3.58
2017-11-05,6.68,28.45,2.35,4.37
2017-11-06,6.26,30.67,1.02,4.84
2017-11-07,5.22,32.0,1.35,6.69
2017-11-08,3.97,30.55,1.61,6.79
2017-11-09,4.72,32.85,0.92,7.86
2017-11-10,5.65,31.11,2.16,7.67
2017-11-11,3.72,28.89,2.82,5.52
2017-11-12,2.72,30.78,1.91,6.4
2017-11-13,2.59,33.68,1.52,7.7
2017-11-14,1.5,31.35,1.48,6.22
2017-11-15,1.68,30.85,1.3,4.98
2017-11-16,2.22,31.71,0.98,4.74
2017-11-17,2.51,32.79,1.07,7.14
2017-11-18,1.94,32.35,1.52,6.91
2017-11-19,1.75,31.15,2.09,6.45
2017-11-20,0.76,31.66,2.47,6.64
2017-11-21,0.61,32.85,1.09,7.57
2017-11-22,2.34,33.72,1.42,7.73
2017-11-23,4.19,31.16,1.99,4.4
2017-11-24,4.98,30.27,1.66,4.39
2017-11-25,6.11,30.53,2.54,6.12
2017-11-26,3.14,31.81,1.91,7.64
2017-11-27,0.2,31.18,1.55,5.48
2017-11-28,-0.05,29.82,1.94,5.32
2017-11-29,0.42,32.16,1.54,6.62
2017-11-30,0.08,33.76,1.59,7.86
2017-12-01,-0.46,32.2,1.71,6.3
2017-12-02,-1.99,33.14,0.91,7.39
2017-12-03,-1.17,33.27,1.46,7.09
2017-12-04,-1.33,32.35,2.1,7.45
2017-12-05,0.81,31.91,2.59,7.76
2017-12-06,3.14,32.29,3.49,7.9
2017-12-07,2.89,28.55,2.88,5.19
2017-12-08,2.1,28.9,2.64,6.02
2017-12-09,-0.08,32.04,1.49,7.28
2017-12-10,-1.0,28.68,2.71,5.49
2017-12-11,3.07,27.71,3.46,7.22
2017-12-12,6.78,26.85,3.24,6.98
2017-12-13,0.84,29.02,1.4,4.92
2017-12-14,0.8,28.15,3.27,6.72
2017-12-15,1.52,30.56,1.67,7.15
2017-12-16,0.04,32.74,1.45,7.71
2017-12-17,-1.07,31.76,0.82,6.46
2017-12-18,-2.38,32.76,1.08,7.38
2017-12-19,-3.1,31.17,1.55,7.46
2017-12-20,-2.24,32.32,1.53,7.62
2017-12-21,-0.73,32.68,1.97,7.8
2017-12-22,1.66,32.57,2.48,7.59
2017-12-23,2.58,32.57,3.07,7.91
2017-12-24,6.3,31.91,3.96,7.74
2017-12-25,5.55,29.55,2.67,5.93
2017-12-26,3.09,28.35,2.44,3.45
2017-12-27,2.59,30.53,2.6,4.45
2017-12-28,4.84,28.96,2.19,7.08
2017-12-29,1.28,32.84,1.62,7.69
2017-12-30,-1.66,30.59,1.82,4.22
2017-12-31,2.52,31.93,2.58,7.29
2018-01-01,4.44,30.61,1.89,6.51
2018-01-02,1.63,33.74,1.05,7.06
2018-01-03,1.76,31.68,2.58,6.66
2018-01-04,3.25,31.07,2.35,6.14
2018-01-05,4.25,29.9,2.74,6.48
2018-01-06,5.18,32.16,1.59,6.16
2018-01-07,2.85,32.69,1.5,7.3
2018-01-08,-0.79,32.4,1.26,6.05
2018-01-09,-0.88,29.16,2.01,4.66
2018-01-10,1.72,31.04,1.77,7.17
2018-01-11,0.69,34.35,1.25,7.88
2018-01-12,-0.79,33.21,2.2,7.86
2018-01-13,-2.46,30.67,2.62,6.71
2018-01-14,-5.26,29.43,2.03,5.3
2018-01-15,-6.58,28.29,1.9,3.44
2018-01-16,-4.36,29.6,3.41,6.25
2018-01-17,-1.16,31.62,1.98,6.29
2018-01-18,-0.12,30.83,2.68,6.81
2018-01-19,0.25,30.8,2.61,6.91
2018-01-20,-1.71,33.14,0.92,6.9
2018-01-21,-2.57,33.82,1.2,7.61
2018-01-22,-4.47,31.72,1.26,6.28
2018-01-23,-5.33,30.96,1.01,6.48
2018-01-24,-0.55,32.04,2.35,6.9
2018-01-25,2.67,28.79,2.23,5.27
2018-01-26,0.94,29.95,1.32,5.84
2018-01-27,0.61,33.09,0.81,6.57
2018-01-28,2.93,31.32,2.74,7.34
2018-01-29,6.05,31.83,3.25,6.88
2018-01-30,3.65,28.98,3.89,6.72
2018-01-31,1.5,29.08,2.09,5.63
2018-02-01,3.39,30.77,2.03,7.13
2018-02-02,1.31,33.82,0.87,7.22
2018-02-03,-0.62,33.87,0.91,7.44
2018-02-04,-1.31,32.66,1.3,7.62
2018-02-05,-4.25,30.38,1.31,6.27
2018-02-06,-7.78,28.91,1.25,3.29
2018-02-07,-5.22,30.65,1.1,5.72
2018-02-08,-2.5,33.27,1.41,7.2
2018-02-09,-3.28,32.77,1.12,7.16
2018-02-10,-3.25,32.79,0.76,7.7
2018-02-11,-2.47,31.19,1.13,7.04
2018-02-12,-1.18,32.52,0.92,7.19
2018-02-13,-1.31,33.11,0.84,6.97
2018-02-14,-2.13,33.17,1.52,7.81
2018-02-15,-3.12,32.05,1.07,7.16
2018-02-16,-1.61,31.43,1.59,6.78
2018-02-17,-1.84,31.5,1.25,6.05
2018-02-18,-1.63,31.52,1.29,6.93
2018-02-19,-2.94,28.72,0.96,4.54
2018-02-20,-3.74,28.7,1.51,5.38
2018-02-21,-4.12,31.04,1.23,6.48
2018-02-22,-5.0,29.71,1.82,6.61
2018-02-23,-6.16,30.05,1.47,6.21
2018-02-24,-8.46,28.33,2.25,6.0
2018-02-25,-12.64,27.38,1.34,5.2
2018-02-26,-13.2,27.39,1.45,4.98
2018-02-27,-13.52,26.5,2.3,6.09
2018-02-28,-12.6,27.18,1.99,5.9
2018-03-01,-13.78,27.26,1.04,2.89
2018-03-02,-12.24,27.48,1.42,4.82
2018-03-03,-11.55,28.53,1.06,3.84
2018-03-04,-9.28,26.85,1.04,2.26
2018-03-05,-4.31,25.88,1.77,4.65
2018-03-06,0.48,30.47,1.59,6.62
2018-03-07,1.79,34.1,1.48,7.4
2018-03-08,2.67,32.01,1.4,5.88
2018-03-09,2.38,30.66,2.15,5.0
2018-03-10,3.09,31.35,1.11,6.11
2018-03-11,6.28,30.88,1.78,5.02
2018-03-12,8.44,30.54,2.7,6.12
2018-03-13,7.47,30.87,2.01,6.67
2018-03-14,4.42,33.5,1.59,7.63
2018-03-15,1.8,32.62,1.45,7.19
2018-03-16,0.22,32.28,2.74,7.52
2018-03-17,-4.56,28.88,3.04,6.43
2018-03-18,-7.14,26.86,3.02,5.67
2018-03-19,-6.19,28.42,1.52,5.92
2018-03-20,-4.53,29.23,1.42,6.91
2018-03-21,-3.46,27.78,1.8,5.08
2018-03-22,-2.63,27.39,1.5,4.11
2018-03-23,-1.24,30.01,0.98,5.41
2018-03-24,0.25,28.68,1.04,4.37
2018-03-25,1.64,27.35,1.38,2.19
2018-03-26,1.62,28.82,1.06,5.97
2018-03-27,1.2,32.13,1.33,7.02
2018-03-28,0.96,29.01,1.65,6.57
2018-03-29,3.64,32.97,2.28,7.6
2018-03-30,5.04,29.85,1.56,5.62
2018-03-31,6.58,32.55,2.24,7.34
2018-04-01,4.54,35.14,2.92,7.92
2018-04-02,3.04,29.23,3.05,4.94
2018-04-03,7.02,25.24,2.11,4.55
2018-04-04,11.21,24.04,2.33,4.73
2018-04-05,11.23,25.57,1.77,4.86
2018-04-06,6.93,27.51,2.24,4.56
2018-04-07,6.96,23.9,1.81,2.55
2018-04-08,12.85,23.71,2.76,2.5
2018-04-09,15.18,21.99,2.46,1.76
2018-04-10,13.01,25.5,1.76,3.58
2018-04-11,11.54,28.3,1.89,4.53
2018-04-12,13.07,26.83,2.28,2.6
2018-04-13,14.46,26.5,2.57,4.4
2018-04-14,13.06,25.74,1.37,2.81
2018-04-15,13.58,24.57,1.62,4.85
2018-04-16,15.19,28.19,1.38,7.42
2018-04-17,12.68,32.36,1.81,6.7
2018-04-18,11.56,27.49,1.7,2.87
2018-04-19,13.15,25.82,2.41,2.1
2018-04-20,12.36,23.51,1.21,1.22
2018-04-21,14.92,20.26,2.34,1.53
2018-04-22,12.33,23.1,1.44,2.07
2018-04-23,12.71,24.47,1.34,5.12
2018-04-24,13.46,28.67,1.82,5.92
2018-04-25,14.27,26.56,2.68,5.28
2018-04-26,10.91,30.28,1.67,6.03
2018-04-27,8.75,28.0,1.14,3.13
2018-04-28,13.59,23.62,1.54,3.04
2018-04-29,17.02,25.86,1.79,3.78
2018-04-30,18.85,23.67,2.4,3.45
2018-05-01,16.8,23.92,1.88,3.71
2018-05-02,14.9,26.36,1.25,4.82
2018-05-03,17.81,23.78,1.35,3.18
2018-05-04,14.63,27.36,1.73,3.53
2018-05-05,12.86,24.89,1.78,2.8
2018-05-06,12.29,23.55,1.68,1.32
2018-05-07,13.2,23.23,1.59,1.65
2018-05-08,14.79,26.22,1.57,4.98
2018-05-09,16.75,26.25,1.46,4.5
2018-05-10,17.58,25.02,1.86,3.43
2018-05-11,16.77,26.38,1.3,4.4
2018-05-12,15.92,24.33,1.37,3.18
2018-05-13,15.52,21.23,1.94,2.3
2018-05-14,12.81,24.89,1.77,3.64
2018-05-15,12.06,29.98,1.4,5.58
2018-05-16,12.51,33.1,1.38,7.28
2018-05-17,13.0,33.27,2.25,7.47
2018-05-18,12.92,33.31,2.25,6.85
2018-05-19,13.16,28.62,1.75,4.94
2018-05-20,13.01,25.1,1.47,2.9
2018-05-21,13.21,23.21,1.74,2.72
2018-05-22,15.05,26.33,1.48,3.48
2018-05-23,16.11,28.41,1.17,4.28
2018-05-24,16.62,25.98,1.91,3.47
2018-05-25,16.24,26.84,1.34,4.47
2018-05-26,17.32,29.96,1.12,5.1
2018-05-27,18.6,27.67,1.27,3.32
2018-05-28,19.36,23.61,1.54,1.89
2018-05-29,19.05,21.99,1.67,2.31
2018-05-30,19.98,22.65,1.16,2.61
2018-05-31,20.64,22.57,1.01,3.02
2018-06-01,20.24,23.41,1.26,3.41
2018-06-02,19.03,30.02,1.21,5.65
2018-06-03,19.05,29.29,1.27,4.85
2018-06-04,19.21,27.37,1.32,3.6
2018-06-05,18.26,27.14,1.62,4.1
2018-06-06,14.11,21.21,1.89,2.62
2018-06-07,15.79,20.33,1.36,2.62
2018-06-08,18.95,22.38,1.04,2.98
2018-06-09,20.41,23.11,1.24,3.97
2018-06-10,20.52,24.39,1.18,5.26
2018-06-11,20.07,29.3,1.61,4.61
2018-06-12,17.56,30.19,1.72,6.1
2018-06-13,15.57,30.1,1.23,7.0
2018-06-14,15.78,30.35,1.39,6.68
2018-06-15,17.08,27.28,1.23,5.41
2018-06-16,18.44,25.84,1.14,4.32
2018-06-17,19.4,24.15,1.14,4.5
2018-06-18,18.44,29.21,1.08,6.7
2018-06-19,19.78,25.48,1.47,5.06
2018-06-20,20.06,24.12,1.04,3.2
2018-06-21,21.29,23.83,2.26,3.96
2018-06-22,13.87,26.66,2.12,6.53
2018-06-23,11.21,29.86,1.67,7.17
2018-06-24,12.29,31.39,1.79,7.12
2018-06-25,13.07,32.23,1.23,6.96
2018-06-26,13.66,32.0,1.03,6.25
2018-06-27,15.4,30.03,1.77,6.5
2018-06-28,18.11,30.12,1.92,6.72
2018-06-29,19.45,27.73,1.85,5.56
2018-06-30,13.99,27.18,2.74,6.48
2018-07-01,11.85,28.63,2.01,6.53
2018-07-02,12.66,28.55,2.03,5.74
2018-07-03,15.65,24.72,1.65,4.2
2018-07-04,18.64,21.2,1.46,2.41
2018-07-05,20.45,20.25,1.52,2.24
2018-07-06,19.16,26.85,1.49,5.09
2018-07-07,18.48,25.2,1.69,4.18
2018-07-08,18.19,25.61,1.5,4.26
2018-07-09,18.43,25.42,1.16,4.04
2018-07-10,18.6,25.88,1.21,5.03
2018-07-11,18.16,30.04,0.96,6.66
2018-07-12,17.51,30.19,1.58,5.36
2018-07-13,17.13,31.02,1.82,6.37
2018-07-14,17.48,32.51,2.18,6.56
2018-07-15,17.74,30.81,1.83,5.78
2018-07-16,18.1,31.79,1.59,5.98
2018-07-17,17.91,34.83,1.65,7.71
2018-07-18,18.92,34.85,1.73,7.47
2018-07-19,18.87,33.82,1.79,7.16
2018-07-20,19.69,30.28,1.42,5.12
2018-07-21,19.52,26.21,1.06,2.43
2018-07-22,19.74,27.21,0.88,4.16
2018-07-23,20.26,26.87,1.76,3.66
2018-07-24,20.54,26.69,1.72,3.7
2018-07-25,20.05,29.46,1.37,4.6
2018-07-26,20.35,31.18,1.23,5.1
2018-07-27,21.09,30.45,1.23,4.46
2018-07-28,21.75,29.81,0.96,3.89
2018-07-29,21.95,30.54,1.3,4.73
2018-07-30,21.79,29.9,1.19,3.93
2018-07-31,22.13,28.98,1.26,4.64
2018-08-01,22.57,29.5,1.16,4.38
2018-08-02,22.83,28.4,1.1,3.24
2018-08-03,22.11,26.58,1.06,2.45
2018-08-04,21.81,25.8,0.87,2.24
2018-08-05,20.63,29.16,1.52,4.82
2018-08-06,18.92,27.79,1.38,3.95
2018-08-07,19.74,24.94,1.04,1.85
2018-08-08,21.75,24.61,1.53,2.99
2018-08-09,23.36,24.44,1.52,2.49
2018-08-10,22.31,26.35,1.96,4.49
2018-08-11,17.94,34.17,1.14,6.53
2018-08-12,17.22,27.24,1.36,3.35
2018-08-13,19.87,25.49,1.4,2.46
2018-08-14,20.14,29.35,1.47,5.05
2018-08-15,18.5,31.86,1.33,6.41
2018-08-16,18.18,30.26,0.82,3.51
2018-08-17,19.02,29.54,1.03,2.72
2018-08-18,19.65,29.93,0.81,3.84
2018-08-19,19.88,29.02,0.81,3.04
2018-08-20,20.75,26.63,1.43,2.8
2018-08-21,18.57,28.06,1.42,3.92
2018-08-22,17.14,27.73,0.93,1.72
2018-08-23,19.76,25.61,1.22,2.15
2018-08-24,20.71,28.31,1.54,5.16
2018-08-25,16.65,34.35,1.01,7.34
2018-08-26,12.97,34.66,1.32,7.2
2018-08-27,12.95,31.17,0.85,5.06
2018-08-28,15.08,29.97,1.24,5.69
2018-08-29,14.72,30.59,0.82,2.76
2018-08-30,16.2,29.34,1.23,3.39
2018-08-31,16.43,32.54,1.18,6.4
2018-09-01,16.9,30.91,1.24,4.68
2018-09-02,18.05,29.58,1.5,4.33
2018-09-03,17.46,29.82,1.27,3.9
2018-09-04,17.05,31.83,0.89,5.82
2018-09-05,16.51,33.07,1.07,5.92
2018-09-06,15.76,32.61,0.85,4.52
2018-09-07,15.52,31.04,0.87,4.18
2018-09-08,15.28,32.2,1.1,5.82
2018-09-09,14.7,32.14,0.89,5.16
2018-09-10,14.66,30.25,0.95,3.05
2018-09-11,15.66,28.8,1.15,5.72
2018-09-12,18.07,25.78,1.38,2.38
2018-09-13,16.42,30.51,0.85,4.25
2018-09-14,15.21,34.03,0.89,6.86
2018-09-15,14.45,33.86,1.13,5.77
2018-09-16,12.58,31.1,0.99,3.44
2018-09-17,13.99,29.43,1.1,3.56
2018-09-18,15.83,29.92,1.08,3.09
2018-09-19,16.52,28.03,1.09,1.74
2018-09-20,16.55,28.88,0.86,2.47
2018-09-21,17.05,26.46,1.88,2.64
2018-09-22,12.24,31.66,1.83,6.64
2018-09-23,10.78,31.02,2.24,6.28
2018-09-24,8.1,32.69,3.38,6.75
2018-09-25,5.93,31.47,2.18,5.33
2018-09-26,6.23,29.19,1.97,4.36
2018-09-27,11.88,28.17,2.21,6.03
2018-09-28,12.13,28.34,2.1,4.43
2018-09-29,6.94,31.64,1.36,3.4
2018-09-30,5.89,28.39,1.38,2.32
2018-10-01,7.74,29.66,1.14,4.44
2018-10-02,7.52,32.58,1.86,6.67
2018-10-03,7.8,31.12,3.62,6.45
2018-10-04,7.11,31.68,2.01,4.56
2018-10-05,8.41,30.16,1.4,3.25
2018-10-06,10.89,28.11,2.13,1.91
2018-10-07,13.15,29.89,1.73,5.18
2018-10-08,9.2,32.6,0.87,5.37
2018-10-09,9.45,33.19,0.82,3.92
2018-10-10,10.52,32.49,0.75,2.63
2018-10-11,11.76,30.11,1.25,2.23
2018-10-12,11.86,29.81,1.07,1.39
2018-10-13,11.28,30.75,0.93,1.88
2018-10-14,11.58,28.19,1.48,1.84
2018-10-15,10.76,26.76,1.26,1.24
2018-10-16,10.12,27.96,1.01,2.24
2018-10-17,10.26,30.1,0.68,3.35
2018-10-18,10.25,31.32,0.6,4.18
2018-10-19,9.89,35.06,1.0,6.94
2018-10-20,8.31,34.83,0.92,7.24
2018-10-21,5.91,34.79,1.03,6.35
2018-10-22,5.33,34.09,1.24,5.36
2018-10-23,5.77,34.18,3.43,7.55
2018-10-24,5.3,30.02,4.44,6.01
2018-10-25,5.78,33.94,3.15,7.17
2018-10-26,7.2,31.89,1.87,6.6
2018-10-27,8.02,31.35,1.81,7.38
2018-10-28,6.2,34.98,1.67,7.44
2018-10-29,9.24,35.14,2.19,6.38
2018-10-30,14.57,27.01,3.73,4.48
2018-10-31,9.49,28.85,1.64,1.52
2018-11-01,10.07,30.02,2.36,4.33
2018-11-02,12.57,32.27,1.18,5.14
2018-11-03,10.6,35.21,1.13,7.15
2018-11-04,10.04,35.09,1.41,6.88
2018-11-05,10.59,31.88,1.5,4.63
2018-11-06,9.54,29.46,1.59,2.03
2018-11-07,8.64,30.92,1.65,2.64
2018-11-08,6.75,33.47,0.69,3.78
2018-11-09,6.35,35.49,0.9,5.61
2018-11-10,6.42,34.58,1.32,5.12
2018-11-11,6.05,33.68,1.92,4.3
2018-11-12,7.13,33.16,1.75,4.11
2018-11-13,8.25,32.78,1.65,5.52
2018-11-14,7.41,34.27,2.04,7.37
2018-11-15,5.35,34.82,1.08,7.3
2018-11-16,2.48,33.11,1.79,6.37
2018-11-17,-1.15,31.57,1.33,3.19
2018-11-18,-1.85,33.56,0.8,6.26
2018-11-19,-0.06,33.69,2.19,7.67
2018-11-20,0.11,32.34,2.59,6.94
2018-11-21,-0.35,33.58,2.17,7.63
2018-11-22,-0.7,33.96,1.1,7.66
2018-11-23,-0.11,34.54,1.11,7.4
2018-11-24,2.1,35.14,1.7,7.52
2018-11-25,3.68,36.12,0.74,7.45
2018-11-26,1.2,34.52,2.22,7.25
2018-11-27,-2.31,33.15,1.49,6.75
2018-11-28,-3.46,32.55,1.33,5.01
2018-11-29,-5.79,29.3,2.49,2.53
2018-11-30,-5.95,27.51,2.22,3.26
2018-12-01,-7.59,30.67,1.42,5.05
2018-12-02,-1.46,33.23,2.58,5.9
2018-12-03,3.34,35.85,2.23,7.29
2018-12-04,4.57,35.64,2.27,7.2
2018-12-05,0.18,33.49,1.97,4.27
2018-12-06,-1.61,33.14,1.27,5.98
2018-12-07,2.82,35.87,2.37,7.83
2018-12-08,3.9,33.67,2.59,6.4
2018-12-09,3.3,34.77,2.92,7.33
2018-12-10,2.27,34.37,2.57,7.35
2018-12-11,0.09,35.56,1.29,7.16
2018-12-12,-0.62,36.04,0.97,7.44
2018-12-13,-1.39,35.06,1.06,7.49
2018-12-14,-1.92,35.23,1.08,7.73
2018-12-15,-2.12,34.39,1.74,7.74
2018-12-16,-3.41,34.52,1.27,6.37
2018-12-17,-3.77,34.42,0.81,7.29
2018-12-18,-1.89,35.17,0.69,7.19
2018-12-19,-3.56,32.73,1.91,5.6
2018-12-20,-2.64,33.87,1.92,7.66
2018-12-21,0.39,34.04,2.42,7.28
2018-12-22,3.69,34.49,3.33,7.68
2018-12-23,2.29,35.24,1.89,7.64
2018-12-24,0.05,34.96,2.42,7.75
2018-12-25,-0.75,35.31,2.09,7.87
2018-12-26,2.04,34.74,2.85,7.68
2018-12-27,3.36,36.31,2.27,7.83
2018-12-28,3.76,35.77,2.34,7.74
2018-12-29,2.68,35.93,1.65,7.77
2018-12-30,2.7,36.1,1.67,7.66
2018-12-31,1.12,35.53,2.11,7.56
2019-01-01,1.52,32.5,3.14,7.17
2019-01-02,0.03,32.66,3.62,7.7
2019-01-03,-3.51,29.7,2.97,6.86
2019-01-04,-4.39,31.59,2.1,7.25
2019-01-05,-1.18,33.38,2.46,7.45
2019-01-06,-3.91,30.9,2.24,7.6
2019-01-07,-6.74,31.41,1.1,6.39
2019-01-08,-4.19,32.32,2.81,7.51
2019-01-09,-2.98,32.59,1.42,7.69
2019-01-10,-4.88,31.99,1.14,7.5
2019-01-11,-6.83,31.17,1.66,6.65
2019-01-12,-1.54,32.99,2.25,7.42
2019-01-13,0.97,33.86,2.76,7.67
2019-01-14,-0.22,30.95,4.01,6.91
2019-01-15,-1.59,31.48,3.35,7.34
2019-01-16,1.68,33.41,2.22,7.68
2019-01-17,2.46,29.14,3.01,6.43
2019-01-18,0.3,30.58,2.63,6.41
2019-01-19,-5.01,30.23,1.01,4.12
2019-01-20,-5.46,30.41,0.78,5.76
2019-01-21,-6.73,31.31,1.15,6.0
2019-01-22,-8.2,29.82,1.06,4.45
2019-01-23,-7.75,29.11,1.7,6.81
2019-01-24,-7.1,29.87,2.04,6.86
2019-01-25,-6.75,30.22,1.31,7.7
2019-01-26,-5.34,30.57,1.2,7.59
2019-01-27,-2.0,31.33,2.32,7.25
2019-01-28,-0.26,31.8,1.53,6.88
2019-01-29,-0.76,32.42,1.4,6.56
2019-01-30,-1.65,32.04,0.94,5.96
2019-01-31,-1.8,33.06,0.93,5.86
2019-02-01,-0.96,30.97,2.47,5.79
2019-02-02,4.61,29.68,2.65,6.96
2019-02-03,3.8,31.81,1.49,7.19
2019-02-04,0.39,31.57,1.92,7.43
2019-02-05,-1.18,30.8,1.19,5.26
2019-02-06,-0.94,30.18,1.34,5.45
2019-02-07,-0.7,26.54,1.88,3.18
2019-02-08,0.37,29.31,1.4,4.96
2019-02-09,1.29,28.01,2.53,5.25
2019-02-10,3.17,27.5,3.1,4.94
2019-02-11,3.13,30.79,2.64,7.38
2019-02-12,0.34,28.41,3.24,6.51
2019-02-13,0.96,31.46,2.87,7.38
2019-02-14,4.12,30.25,2.07,6.88
2019-02-15,3.07,31.78,1.16,5.72
2019-02-16,2.93,28.65,1.17,2.6
2019-02-17,3.81,27.23,1.38,3.26
2019-02-18,3.45,29.1,0.92,3.2
2019-02-19,3.87,26.36,1.91,2.82
2019-02-20,4.21,27.94,2.81,6.88
2019-02-21,3.96,29.86,2.05,7.54
2019-02-22,-1.66,26.08,3.01,3.9
2019-02-23,-5.57,25.26,1.12,3.47
2019-02-24,-0.66,23.41,1.45,6.18
2019-02-25,2.66,25.78,2.04,3.97
2019-02-26,4.56,27.08,3.02,5.68
2019-02-27,3.35,28.39,2.22,3.67
2019-02-28,5.77,22.89,3.26,2.68
2019-03-01,2.69,28.83,2.09,6.48
2019-03-02,-1.28,27.27,1.27,5.07
2019-03-03,3.06,28.7,2.53,6.84
2019-03-04,9.1,24.48,3.12,6.13
2019-03-05,5.69,25.59,3.93,5.71
2019-03-06,3.76,27.9,1.89,4.12
2019-03-07,7.48,23.1,2.75,5.73
2019-03-08,8.21,23.37,3.5,5.09
2019-03-09,4.97,27.63,2.95,5.99
2019-03-10,4.49,26.82,3.47,6.44
2019-03-11,2.26,28.33,3.06,6.29
2019-03-12,0.8,28.44,2.21,5.07
2019-03-13,2.28,24.74,2.55,6.67
2019-03-14,3.66,28.37,2.44,5.8
2019-03-15,4.3,30.66,2.69,7.13
2019-03-16,4.88,26.28,3.78,6.93
2019-03-17,8.56,26.44,2.42,4.29
2019-03-18,5.81,28.55,2.06,6.8
2019-03-19,2.56,27.29,1.54,5.25
2019-03-20,1.84,26.54,1.33,3.17
2019-03-21,5.35,26.8,1.85,5.96
2019-03-22,7.61,29.47,1.46,6.19
2019-03-23,6.85,25.99,1.22,2.69
2019-03-24,6.1,26.63,1.4,5.52
2019-03-25,3.87,28.47,1.66,6.94
2019-03-26,2.56,28.98,3.13,6.94
2019-03-27,1.99,26.75,1.9,3.51
2019-03-28,4.84,30.58,1.21,6.37
2019-03-29,5.6,28.91,1.86,5.53
2019-03-30,7.46,27.26,1.17,3.28
2019-03-31,7.72,24.92,1.76,3.02
2019-04-01,4.17,22.33,1.82,1.82
2019-04-02,5.21,17.35,2.68,1.54
2019-04-03,8.55,16.87,3.01,3.39
2019-04-04,10.04,17.67,2.83,3.27
2019-04-05,10.89,19.36,1.58,3.66
2019-04-06,9.16,24.07,1.9,5.28
2019-04-07,8.59,26.38,1.09,3.15
2019-04-08,8.53,26.05,1.13,3.89
2019-04-09,7.2,25.8,1.69,4.94
2019-04-10,4.45,24.52,1.98,6.27
2019-04-11,2.95,27.25,1.87,7.11
2019-04-12,2.16,26.76,1.81,7.15
2019-04-13,3.23,28.19,1.68,6.84
2019-04-14,5.99,21.06,2.2,4.18
2019-04-15,4.33,19.9,1.59,1.34
2019-04-16,4.43,21.9,1.7,2.88
2019-04-17,8.05,23.57,1.37,4.68
2019-04-18,9.29,22.17,1.26,2.1
2019-04-19,9.94,19.19,1.41,1.23
2019-04-20,9.78,19.03,1.45,2.79
2019-04-21,8.99,23.33,1.5,3.96
2019-04-22,9.3,24.65,2.62,4.28
2019-04-23,11.15,18.1,3.84,4.81
2019-04-24,13.23,20.04,3.27,5.14
2019-04-25,16.62,20.65,2.29,2.8
2019-04-26,17.65,19.72,1.99,3.61
2019-04-27,13.9,28.27,1.92,7.11
2019-04-28,9.63,32.08,1.91,7.87
2019-04-29,10.71,30.38,1.21,6.63
2019-04-30,10.59,27.16,1.5,6.04
2019-05-01,10.53,24.72,1.88,4.81
2019-05-02,11.28,25.98,3.0,5.06
2019-05-03,8.7,27.62,1.63,6.9
2019-05-04,7.62,26.64,1.38,5.84
2019-05-05,5.8,29.99,1.95,6.85
2019-05-06,5.61,24.39,1.93,6.74
2019-05-07,7.13,23.67,2.05,5.21
2019-05-08,7.71,22.06,1.61,3.55
2019-05-09,9.23,25.62,2.16,6.8
2019-05-10,10.59,30.9,1.18,6.3
2019-05-11,11.77,28.8,1.33,5.31
2019-05-12,11.4,29.23,1.64,6.58
2019-05-13,7.83,30.63,2.02,7.14
2019-05-14,5.44,32.59,1.75,7.46
2019-05-15,7.93,34.63,1.46,7.92
2019-05-16,11.81,33.25,1.39,6.96
2019-05-17,14.08,31.97,1.26,6.07
2019-05-18,15.49,29.59,1.26,4.26
2019-05-19,16.12,29.69,1.55,4.54
2019-05-20,16.77,27.93,2.15,5.65
2019-05-21,14.46,30.99,1.69,6.97
2019-05-22,13.84,32.2,1.83,7.08
2019-05-23,12.78,32.64,1.81,7.35
2019-05-24,12.79,30.49,1.17,6.42
2019-05-25,14.61,26.0,1.62,4.33
2019-05-26,14.66,25.99,1.53,4.6
2019-05-27,17.14,25.21,1.76,5.57
2019-05-28,16.27,31.99,2.0,6.58
2019-05-29,12.19,31.03,1.92,6.8
2019-05-30,10.72,26.88,1.22,5.91
2019-05-31,14.33,25.8,1.04,4.8
2019-06-01,16.47,28.58,1.15,4.39
2019-06-02,18.26,26.48,1.15,2.91
2019-06-03,19.01,23.21,1.45,1.68
2019-06-04,20.15,23.24,1.39,2.53
2019-06-05,20.16,24.72,1.87,2.77
2019-06-06,19.6,25.88,1.96,3.65
2019-06-07,19.24,28.57,1.19,4.54
2019-06-08,19.78,26.62,1.38,3.94
2019-06-09,18.53,22.75,1.38,2.53
2019-06-10,21.44,24.19,1.91,3.03
2019-06-11,23.32,22.82,1.88,1.82
2019-06-12,24.11,21.39,1.93,1.73
2019-06-13,23.24,24.28,1.54,3.11
2019-06-14,22.22,27.62,1.32,3.79
2019-06-15,23.67,25.2,1.57,3.23
2019-06-16,21.21,27.41,1.81,4.83
2019-06-17,18.07,27.17,1.47,4.61
2019-06-18,18.62,25.49,1.19,4.14
2019-06-19,20.73,26.32,1.24,4.75
2019-06-20,21.29,27.36,1.06,5.48
2019-06-21,20.1,30.13,1.03,6.05
2019-06-22,18.73,27.14,1.52,4.95
2019-06-23,18.81,23.79,1.71,4.76
2019-06-24,19.65,24.5,1.53,3.96
2019-06-25,22.35,23.11,1.37,2.26
2019-06-26,25.4,22.73,1.49,2.24
2019-06-27,22.53,23.95,3.13,2.95
2019-06-28,16.89,24.68,2.12,3.96
2019-06-29,18.7,21.31,1.82,2.52
2019-06-30,23.49,18.62,1.6,0.89
2019-07-01,24.24,19.56,2.47,3.79
2019-07-02,20.06,22.24,2.55,4.14
2019-07-03,15.69,19.28,2.37,2.96
2019-07-04,15.1,19.25,1.92,3.0
2019-07-05,15.73,22.32,2.24,6.45
2019-07-06,17.93,22.62,1.75,5.6
2019-07-07,17.15,24.76,2.48,5.37
2019-07-08,13.86,23.73,2.66,5.77
2019-07-09,13.57,25.12,2.44,5.57
2019-07-10,13.78,27.66,2.33,6.59
2019-07-11,14.39,26.86,1.46,5.06
2019-07-12,15.72,24.18,1.08,4.61
2019-07-13,15.83,28.83,1.0,6.67
2019-07-14,15.48,28.28,1.37,5.58
2019-07-15,15.41,23.79,1.3,3.28
2019-07-16,15.0,25.58,2.19,4.98
2019-07-17,15.41,26.64,2.17,5.28
2019-07-18,16.24,24.17,1.03,3.24
2019-07-19,18.04,22.56,1.25,4.79
2019-07-20,20.16,25.27,1.11,4.97
2019-07-21,20.24,27.48,1.57,5.79
2019-07-22,18.98,25.89,1.7,5.55
2019-07-23,17.77,29.48,1.29,6.81
2019-07-24,19.23,28.44,0.92,5.21
2019-07-25,20.72,24.25,1.06,2.44
2019-07-26,20.15,24.78,1.51,3.2
2019-07-27,19.48,26.78,1.82,4.6
2019-07-28,22.42,24.91,2.04,4.32
2019-07-29,23.07,25.56,1.17,4.39
2019-07-30,21.58,29.1,1.49,5.67
2019-07-31,19.4,28.78,1.23,6.06
2019-08-01,18.11,27.75,1.1,5.64
2019-08-02,17.11,27.82,1.18,4.49
2019-08-03,16.45,26.32,1.27,4.93
2019-08-04,16.35,25.48,1.6,4.5
2019-08-05,17.45,25.85,1.22,4.74
2019-08-06,19.7,25.02,1.27,4.28
2019-08-07,20.41,28.05,1.32,5.96
2019-08-08,19.32,27.69,1.92,4.95
2019-08-09,18.79,24.52,1.4,3.29
2019-08-10,19.85,26.22,1.54,5.56
2019-08-11,20.49,25.8,1.25,3.15
2019-08-12,21.35,25.52,1.14,4.87
2019-08-13,18.84,29.26,1.29,6.2
2019-08-14,14.89,30.81,1.51,5.81
2019-08-15,14.52,26.06,0.92,3.2
2019-08-16,15.67,26.96,0.87,5.46
2019-08-17,16.85,27.01,0.92,4.33
2019-08-18,19.84,24.4,1.51,4.2
2019-08-19,21.12,26.5,1.33,3.69
2019-08-20,19.62,29.29,1.0,5.71
2019-08-21,17.27,31.96,1.55,6.41
2019-08-22,15.87,28.54,1.18,4.85
2019-08-23,17.09,27.67,1.03,3.67
2019-08-24,18.37,26.35,1.04,2.52
2019-08-25,19.32,26.14,1.14,3.16
2019-08-26,20.65,25.45,1.19,3.21
2019-08-27,21.27,25.57,1.34,2.64
2019-08-28,21.53,24.48,1.3,2.9
2019-08-29,21.62,26.08,1.08,3.62
2019-08-30,20.43,28.66,1.02,4.47
2019-08-31,20.25,27.27,1.1,2.48
2019-09-01,20.97,25.88,1.26,2.35
2019-09-02,17.82,31.02,1.64,6.75
2019-09-03,13.66,31.76,1.21,6.17
2019-09-04,14.44,27.79,0.94,2.86
2019-09-05,15.4,26.69,1.21,3.09
2019-09-06,14.25,26.84,1.2,4.04
2019-09-07,14.05,29.8,1.2,6.92
2019-09-08,15.28,33.86,1.15,5.88
2019-09-09,15.56,30.65,1.82,6.8
2019-09-10,13.81,29.93,1.69,4.61
2019-09-11,13.68,29.79,0.82,2.9
2019-09-12,14.67,29.36,1.19,3.21
2019-09-13,15.21,30.21,1.63,4.84
2019-09-14,11.91,28.83,1.68,2.85
2019-09-15,11.84,27.0,1.82,3.66
2019-09-16,13.82,26.41,2.19,6.01
2019-09-17,10.88,30.95,2.31,6.17
2019-09-18,8.63,29.16,2.87,5.34
2019-09-19,7.62,31.65,1.77,5.42
2019-09-20,7.39,30.83,1.39,5.51
2019-09-21,9.86,31.21,1.35,3.76
2019-09-22,11.19,30.27,0.99,2.09
2019-09-23,10.15,31.46,1.28,4.61
2019-09-24,9.73,32.7,1.1,4.95
2019-09-25,11.18,32.78,1.13,7.46
2019-09-26,12.51,32.76,1.0,6.16
2019-09-27,12.71,33.54,1.2,5.85
2019-09-28,13.68,32.64,1.65,5.79
2019-09-29,13.2,30.77,2.14,5.39
2019-09-30,14.14,30.91,3.63,6.3
2019-10-01,12.5,29.29,2.39,4.31
2019-10-02,13.06,31.7,1.63,6.61
2019-10-03,7.81,33.31,1.38,6.16
2019-10-04,7.23,33.12,0.78,6.78
2019-10-05,6.87,34.21,1.38,7.37
2019-10-06,3.89,32.89,1.18,5.73
2019-10-07,2.29,31.49,0.91,4.38
2019-10-08,4.4,30.33,2.17,6.25
2019-10-09,10.03,33.49,1.76,7.14
2019-10-10,9.8,32.1,2.39,5.88
2019-10-11,9.48,30.77,2.41,4.71
2019-10-12,13.15,27.33,2.41,3.54
2019-10-13,13.58,29.68,1.43,2.84
2019-10-14,14.16,29.59,1.3,1.72
2019-10-15,14.19,29.93,1.8,2.91
2019-10-16,13.37,29.86,2.23,4.22
2019-10-17,10.95,30.13,1.2,3.34
2019-10-18,11.12,31.07,1.18,3.52
2019-10-19,11.01,32.15,1.17,4.7
2019-10-20,12.58,31.58,1.52,2.62
2019-10-21,12.8,31.62,0.79,2.73
2019-10-22,11.99,33.41,0.71,3.46
2019-10-23,11.13,34.58,0.88,4.63
2019-10-24,12.3,32.14,1.51,3.99
2019-10-25,10.92,31.89,1.2,3.24
2019-10-26,11.04,31.75,1.55,3.89
2019-10-27,11.81,28.73,2.18,4.17
2019-10-28,6.47,33.47,1.69,6.05
2019-10-29,3.93,33.99,1.12,6.16
2019-10-30,1.58,33.0,1.04,4.42
2019-10-31,-0.28,32.39,0.89,3.79
2019-11-01,0.62,31.48,1.43,3.83
2019-11-02,5.47,30.84,2.52,6.98
2019-11-03,9.59,32.59,2.32,5.99
2019-11-04,11.14,34.33,1.95,7.21
2019-11-05,8.42,34.07,1.57,6.68
2019-11-06,6.84,33.66,1.51,6.03
2019-11-07,5.41,34.59,0.77,5.59
2019-11-08,4.77,35.49,1.36,6.28
2019-11-09,7.76,35.07,1.37,6.94
2019-11-10,5.82,35.9,1.11,7.51
2019-11-11,3.86,35.04,1.4,6.01
2019-11-12,5.72,33.8,1.96,7.09
2019-11-13,9.17,33.49,2.01,6.99
2019-11-14,5.84,35.08,1.19,6.63
2019-11-15,7.02,35.79,2.04,6.8
2019-11-16,9.64,32.28,2.45,5.61
2019-11-17,8.4,34.02,1.97,5.16
2019-11-18,8.91,32.98,2.34,5.73
2019-11-19,5.98,31.98,1.49,3.99
2019-11-20,5.53,35.59,1.79,6.67
2019-11-21,7.13,34.9,3.07,7.52
2019-11-22,4.48,33.47,2.56,6.39
2019-11-23,2.06,32.76,2.55,4.83
2019-11-24,2.25,34.5,2.11,5.21
2019-11-25,2.14,35.29,1.36,6.06
2019-11-26,2.28,36.41,1.36,6.89
2019-11-27,4.08,34.98,2.12,6.43
2019-11-28,6.3,33.98,1.58,6.61
2019-11-29,5.87,32.08,2.72,6.9
2019-11-30,0.84,31.65,2.38,5.04
2019-12-01,-1.2,33.89,1.2,5.33
2019-12-02,-0.24,32.86,1.81,7.38
2019-12-03,-1.3,34.76,1.53,5.51
2019-12-04,-1.02,33.43,1.78,5.88
2019-12-05,-1.02,30.7,1.91,2.02
2019-12-06,-1.35,31.14,2.47,3.56
2019-12-07,1.65,33.07,2.81,6.69
2019-12-08,4.61,31.8,2.77,6.44
2019-12-09,4.73,32.46,1.92,6.65
2019-12-10,1.89,32.96,2.07,6.23
2019-12-11,-2.1,32.98,1.33,4.21
2019-12-12,-0.72,32.77,1.43,5.75
2019-12-13,1.94,33.66,3.08,6.62
2019-12-14,2.85,33.63,2.28,6.77
2019-12-15,4.79,30.48,2.63,6.11
2019-12-16,4.6,33.3,1.65,5.43
2019-12-17,5.34,33.67,1.67,5.25
2019-12-18,7.18,31.53,1.78,4.13
2019-12-19,3.63,35.74,1.26,5.42
2019-12-20,7.02,31.03,2.56,3.29
2019-12-21,7.45,32.61,1.91,6.75
2019-12-22,5.34,36.7,1.2,7.25
2019-12-23,4.11,36.97,1.68,7.97
2019-12-24,3.92,35.75,2.28,7.58
2019-12-25,2.8,36.33,0.84,7.76
2019-12-26,2.37,35.9,2.08,7.67
2019-12-27,1.09,35.37,2.03,7.44
2019-12-28,-0.77,33.18,2.72,7.75
2019-12-29,-2.28,32.89,1.4,7.12
2019-12-30,-0.5,28.07,1.95,6.86
2019-12-31,2.96,29.85,3.41,5.98
2020-01-01,0.73,33.58,2.31,5.44
2020-01-02,-0.8,30.49,1.48,4.03
2020-01-03,-0.48,31.07,1.97,4.38
2020-01-04,1.9,33.8,3.08,7.55
2020-01-05,-0.54,32.94,2.66,5.52
2020-01-06,-2.12,34.82,1.27,6.58
2020-01-07,-1.96,33.62,1.08,4.34
2020-01-08,0.56,34.25,2.04,6.05
2020-01-09,2.96,37.15,1.64,7.69
2020-01-10,4.08,34.26,1.93,6.78
2020-01-11,3.59,35.3,2.2,7.71
2020-01-12,1.67,32.96,2.06,4.48
2020-01-13,2.14,33.75,1.83,6.85
2020-01-14,1.21,33.58,1.93,4.51
2020-01-15,2.57,28.98,2.05,3.17
2020-01-16,1.62,33.16,1.11,3.87
2020-01-17,0.3,35.2,1.66,4.85
2020-01-18,1.11,33.9,1.18,6.25
2020-01-19,0.76,36.69,0.81,7.49
2020-01-20,1.0,34.43,1.56,6.64
2020-01-21,0.49,30.48,2.47,3.27
2020-01-22,0.79,32.07,2.95,6.01
2020-01-23,-0.08,32.47,1.89,4.72
2020-01-24,-0.94,31.0,2.12,3.27
2020-01-25,-1.11,33.79,1.57,4.9
2020-01-26,-1.28,33.84,1.13,5.78
2020-01-27,0.04,32.84,0.98,5.01
2020-01-28,1.29,33.18,2.22,7.16
2020-01-29,1.66,30.8,3.01,6.83
2020-01-30,2.29,33.69,2.86,7.46
2020-01-31,4.88,34.7,2.94,7.41
2020-02-01,7.65,34.09,2.42,6.46
2020-02-02,6.04,31.18,3.4,6.61
2020-02-03,4.18,33.91,2.11,6.84
2020-02-04,2.77,35.39,1.87,7.61
2020-02-05,-0.59,31.3,2.71,4.43
2020-02-06,-0.39,34.6,2.72,7.13
2020-02-07,-0.68,32.6,1.43,4.56
2020-02-08,-2.1,29.68,1.27,2.02
2020-02-09,0.68,29.05,2.44,2.52
2020-02-10,4.9,29.95,4.52,6.92
2020-02-11,2.82,29.72,3.8,6.83
2020-02-12,1.82,27.76,3.94,6.46
2020-02-13,1.7,27.48,2.61,4.06
2020-02-14,1.93,33.66,1.4,7.05
2020-02-15,1.6,32.63,1.4,5.08
2020-02-16,4.79,26.79,2.95,6.08
2020-02-17,8.25,25.23,2.55,6.19
2020-02-18,5.32,31.4,2.53,6.03
2020-02-19,3.21,30.83,1.99,5.42
2020-02-20,2.25,33.71,1.55,5.68
2020-02-21,1.58,32.99,2.52,6.76
2020-02-22,3.32,29.39,3.13,5.74
2020-02-23,5.61,32.61,3.12,7.38
2020-02-24,3.31,32.66,3.1,6.43
2020-02-25,4.91,34.3,2.36,6.98
2020-02-26,4.01,34.17,1.92,6.92
2020-02-27,1.13,33.07,1.97,5.8
2020-02-28,0.38,34.54,1.66,6.36
2020-02-29,1.99,30.57,2.74,6.66
2020-03-01,5.09,31.36,2.13,6.33
2020-03-02,4.41,35.01,1.94,6.37
2020-03-03,5.99,32.97,1.97,7.18
2020-03-04,3.88,34.12,1.66,7.09
2020-03-05,1.92,31.62,1.3,3.03
2020-03-06,3.17,31.35,2.55,7.17
2020-03-07,4.32,34.22,1.82,7.06
2020-03-08,3.53,33.84,1.39,6.18
2020-03-09,2.68,31.77,1.04,4.51
2020-03-10,4.01,32.78,1.54,4.93
2020-03-11,7.03,32.6,3.25,5.63
2020-03-12,8.78,30.79,3.94,5.52
2020-03-13,5.4,27.51,2.56,4.89
2020-03-14,1.47,26.27,2.53,3.9
2020-03-15,-0.46,24.0,1.45,1.66
2020-03-16,3.86,19.67,2.46,3.33
2020-03-17,5.72,27.85,1.29,2.4
2020-03-18,8.04,28.3,1.49,3.71
2020-03-19,8.18,29.86,1.37,4.63
2020-03-20,6.79,31.06,0.97,6.85
2020-03-21,2.86,31.02,2.4,6.63
2020-03-22,-1.85,27.08,2.65,4.33
2020-03-23,-2.26,25.49,2.12,4.37
2020-03-24,-2.1,23.47,1.85,1.38
2020-03-25,-0.31,21.07,2.08,1.44
2020-03-26,3.51,21.59,1.98,4.23
2020-03-27,6.04,21.85,1.72,2.49
2020-03-28,6.1,24.42,1.1,2.52
2020-03-29,4.55,28.34,2.36,6.31
2020-03-30,-0.39,27.4,2.24,4.94
2020-03-31,-1.32,28.4,1.29,4.12
2020-04-01,0.4,27.28,2.02,3.06
2020-04-02,3.42,24.15,2.16,3.92
2020-04-03,4.76,22.84,2.74,4.22
2020-04-04,3.93,25.11,1.32,2.49
2020-04-05,4.77,23.0,1.25,1.08
2020-04-06,8.36,18.12,1.72,1.18
2020-04-07,9.93,18.78,1.45,1.12
2020-04-08,9.32,22.15,0.84,1.29
2020-04-09,10.27,20.29,2.02,2.31
2020-04-10,7.81,23.71,1.55,2.78
2020-04-11,6.18,22.57,1.1,1.39
2020-04-12,9.42,18.91,1.55,1.55
2020-04-13,9.66,24.65,2.93,6.08
2020-04-14,2.87,24.32,2.58,4.97
2020-04-15,5.0,24.73,2.95,5.63
2020-04-16,10.18,19.37,3.17,3.03
2020-04-17,8.43,22.77,1.89,3.52
2020-04-18,6.47,20.36,1.32,1.9
2020-04-19,5.72,21.53,1.86,3.57
2020-04-20,5.43,23.6,1.54,1.71
2020-04-21,6.69,22.16,1.82,1.72
2020-04-22,7.74,23.48,1.31,2.21
2020-04-23,9.41,23.2,1.16,1.5
2020-04-24,11.26,20.58,1.62,4.25
2020-04-25,9.67,25.21,2.83,6.29
2020-04-26,7.7,23.96,1.31,5.22
2020-04-27,10.26,20.96,1.13,2.61
2020-04-28,12.93,20.63,1.74,3.48
2020-04-29,12.11,28.36,1.88,6.04
2020-04-30,11.28,30.87,1.5,5.11
2020-05-01,10.81,31.3,1.73,6.64
2020-05-02,10.28,30.92,1.52,5.44
2020-05-03,8.5,31.27,2.05,6.45
2020-05-04,9.26,28.6,1.1,5.11
2020-05-05,7.22,31.26,1.86,6.19
2020-05-06,6.48,32.08,3.39,7.07
2020-05-07,8.12,26.47,2.59,4.37
2020-05-08,10.61,25.05,1.41,2.61
2020-05-09,12.28,23.16,1.17,2.55
2020-05-10,14.71,22.69,1.64,4.92
2020-05-11,15.28,25.71,2.67,5.29
2020-05-12,6.04,28.07,2.34,5.66
2020-05-13,6.25,26.32,1.66,6.08
2020-05-14,7.41,31.2,1.29,6.1
2020-05-15,6.63,29.46,1.15,5.94
2020-05-16,9.39,25.5,2.09,3.92
2020-05-17,10.45,25.66,2.06,4.75
2020-05-18,12.14,25.99,2.15,4.16
2020-05-19,14.06,27.34,2.27,4.95
2020-05-20,11.41,25.09,2.12,3.52
2020-05-21,8.96,21.61,2.32,2.75
2020-05-22,9.0,21.13,1.81,3.41
2020-05-23,10.9,24.93,1.09,6.68
2020-05-24,11.13,30.87,2.61,6.52
2020-05-25,10.26,32.94,1.51,6.69
2020-05-26,11.0,32.16,1.74,6.19
2020-05-27,12.33,29.34,1.57,5.38
2020-05-28,12.37,28.47,1.77,5.85
2020-05-29,11.77,26.47,2.34,5.09
2020-05-30,10.0,29.8,2.58,7.06
2020-05-31,11.97,30.74,2.51,6.48
2020-06-01,13.24,23.32,2.48,3.63
2020-06-02,11.89,26.51,1.9,4.92
2020-06-03,11.7,28.25,1.29,4.27
2020-06-04,13.49,26.82,1.49,4.39
2020-06-05,15.29,30.15,2.32,7.1
2020-06-06,16.73,25.32,2.11,3.65
2020-06-07,18.01,29.25,1.33,6.01
2020-06-08,16.07,33.3,1.55,7.05
2020-06-09,14.36,33.59,1.43,6.98
2020-06-10,15.96,33.43,1.14,7.15
2020-06-11,17.86,32.74,1.01,6.16
2020-06-12,20.2,30.53,1.23,4.36
2020-06-13,21.47,28.87,1.89,3.59
2020-06-14,17.61,30.39,2.08,6.01
2020-06-15,15.73,30.25,1.11,6.05
2020-06-16,16.45,29.84,1.16,6.08
2020-06-17,18.42,30.46,1.44,6.14
2020-06-18,18.74,32.83,1.11,6.56
2020-06-19,18.0,33.1,1.24,6.89
2020-06-20,17.66,34.77,1.03,7.44
2020-06-21,17.59,33.39,1.64,7.43
2020-06-22,17.75,34.56,2.09,7.04
2020-06-23,16.29,31.41,2.13,5.66
2020-06-24,16.54,32.59,1.67,6.41
2020-06-25,19.28,29.7,1.56,4.76
2020-06-26,19.94,28.88,2.01,5.12
2020-06-27,20.57,28.84,1.66,4.73
2020-06-28,21.66,28.21,1.49,3.67
2020-06-29,19.23,32.33,1.36,5.93
2020-06-30,18.14,26.41,2.19,3.34
2020-07-01,20.36,24.67,1.84,2.74
2020-07-02,19.94,31.39,1.44,6.07
2020-07-03,18.5,32.32,1.25,6.27
2020-07-04,18.95,27.24,1.28,3.45
2020-07-05,20.71,25.75,1.56,3.21
2020-07-06,19.8,28.06,1.92,4.44
2020-07-07,14.41,27.71,2.03,5.33
2020-07-08,13.43,29.3,1.65,6.34
2020-07-09,15.64,30.5,1.08,6.24
2020-07-10,21.02,26.97,2.15,3.84
2020-07-11,16.21,31.34,1.91,6.62
2020-07-12,13.52,29.69,1.53,5.26
2020-07-13,13.38,29.96,1.29,6.38
2020-07-14,15.35,27.0,0.88,2.97
2020-07-15,17.03,25.88,0.88,3.56
2020-07-16,15.65,32.38,1.25,6.57
2020-07-17,15.26,32.12,0.98,6.34
2020-07-18,18.06,29.94,1.26,5.43
2020-07-19,19.15,29.28,1.14,5.11
2020-07-20,18.84,29.75,1.23,5.01
2020-07-21,17.26,29.34,1.68,4.38
2020-07-22,16.09,25.47,1.51,3.31
2020-07-23,15.44,27.03,1.09,5.21
2020-07-24,17.25,25.88,1.19,4.4
2020-07-25,18.82,26.63,1.24,4.13
2020-07-26,19.42,26.52,1.08,4.45
2020-07-27,19.37,29.71,0.9,5.05
2020-07-28,21.54,26.34,1.75,3.56
2020-07-29,20.57,27.61,1.67,4.22
2020-07-30,18.34,24.18,1.7,2.53
2020-07-31,16.98,26.16,1.76,3.71
2020-08-01,16.45,28.24,1.38,2.76
2020-08-02,17.55,26.19,0.94,3.86
2020-08-03,18.41,28.7,1.16,5.97
2020-08-04,17.67,33.11,1.63,7.19
2020-08-05,16.75,31.78,1.27,5.75
2020-08-06,19.65,27.7,1.31,3.06
2020-08-07,21.64,26.47,1.23,2.39
2020-08-08,22.19,26.19,1.01,1.88
2020-08-09,21.82,27.81,1.14,2.88
2020-08-10,21.04,27.93,1.25,3.09
2020-08-11,20.23,27.63,1.28,3.12
2020-08-12,18.37,25.69,1.17,1.34
2020-08-13,18.47,24.85,0.9,2.08
2020-08-14,19.28,24.83,1.11,3.69
2020-08-15,19.51,24.9,1.36,3.66
2020-08-16,18.9,24.81,1.29,3.2
2020-08-17,19.67,28.48,1.33,5.17
2020-08-18,18.69,33.26,1.01,6.86
2020-08-19,17.99,34.05,1.27,6.7
2020-08-20,18.74,30.93,1.23,3.7
2020-08-21,20.24,26.9,1.01,2.14
2020-08-22,21.48,28.04,1.38,3.89
2020-08-23,18.96,33.22,1.12,6.44
2020-08-24,17.19,29.86,1.35,4.83
2020-08-25,16.11,30.07,1.51,4.55
2020-08-26,16.63,28.88,2.42,5.39
2020-08-27,16.21,30.19,2.98,6.57
2020-08-28,15.17,30.56,1.42,4.06
2020-08-29,18.22,30.88,1.56,5.31
2020-08-30,19.37,31.09,1.87,4.93
2020-08-31,16.93,32.09,2.15,5.85
2020-09-01,13.32,36.26,1.68,7.43
2020-09-02,13.33,35.23,1.39,6.61
2020-09-03,13.52,32.1,1.31,4.61
2020-09-04,14.77,32.06,1.3,5.12
2020-09-05,17.42,32.99,1.24,4.66
2020-09-06,14.98,34.69,1.12,6.6
2020-09-07,12.57,34.72,1.05,6.16
2020-09-08,12.72,30.7,1.76,4.0
2020-09-09,15.61,30.64,1.58,2.94
2020-09-10,14.56,31.78,1.63,4.94
2020-09-11,12.73,31.79,0.8,3.14
2020-09-12,14.93,31.32,0.97,2.51
2020-09-13,15.93,31.53,1.3,3.99
2020-09-14,16.66,31.82,0.98,2.03
2020-09-15,17.43,31.74,0.91,2.24
2020-09-16,18.42,31.16,1.22,3.42
2020-09-17,14.49,31.12,2.0,5.64
2020-09-18,9.11,31.1,1.24,2.05
2020-09-19,9.92,31.46,0.77,3.08
2020-09-20,11.45,31.7,0.86,3.65
2020-09-21,12.3,31.29,0.77,1.74
2020-09-22,14.12,30.36,1.09,1.83
2020-09-23,15.44,30.17,1.29,3.07
2020-09-24,16.0,32.53,1.19,4.98
2020-09-25,15.55,33.28,1.99,6.16
2020-09-26,14.86,34.03,2.4,7.5
2020-09-27,10.45,34.09,1.87,6.55
2020-09-28,9.43,34.29,1.33,6.26
2020-09-29,11.63,35.86,1.28,7.45
2020-09-30,11.68,36.77,1.92,7.43
2020-10-01,11.67,36.56,1.08,7.75
2020-10-02,12.65,36.0,1.77,7.04
2020-10-03,16.14,30.52,2.98,5.4
2020-10-04,15.62,30.72,2.46,4.25
2020-10-05,12.73,31.84,1.75,4.93
2020-10-06,11.59,31.18,1.39,3.76
2020-10-07,11.2,32.74,0.99,6.15
2020-10-08,10.11,35.68,1.31,6.17
2020-10-09,10.65,34.74,1.12,5.57
2020-10-10,11.56,34.88,0.94,6.86
2020-10-11,8.89,35.97,1.09,6.81
2020-10-12,6.97,37.14,1.25,7.55
2020-10-13,5.78,37.66,1.65,7.91
2020-10-14,6.62,35.74,2.32,7.66
2020-10-15,6.79,36.47,1.12,7.07
2020-10-16,6.04,37.08,1.06,7.66
2020-10-17,5.68,37.05,1.0,7.65
2020-10-18,5.79,34.83,2.25,7.06
2020-10-19,6.25,33.98,1.54,6.28
2020-10-20,5.86,33.26,1.7,4.1
2020-10-21,9.24,31.81,1.93,6.72
2020-10-22,11.59,30.66,1.78,3.65
2020-10-23,10.34,34.8,1.17,6.05
2020-10-24,10.8,35.97,1.36,5.85
2020-10-25,8.95,36.75,1.17,5.96
2020-10-26,10.81,34.76,2.03,5.66
2020-10-27,11.27,34.25,1.46,4.92
2020-10-28,8.88,35.11,1.22,4.69
2020-10-29,8.7,34.33,1.6,6.71
2020-10-30,7.06,35.11,1.34,6.98
2020-10-31,6.46,36.64,0.97,5.82
2020-11-01,5.58,36.16,1.18,5.74
2020-11-02,8.9,37.36,1.6,7.66
2020-11-03,11.34,36.54,0.91,7.15
2020-11-04,9.15,35.54,1.45,7.25
2020-11-05,4.95,35.59,1.85,4.79
2020-11-06,6.05,36.11,1.89,6.7
2020-11-07,6.95,36.97,1.19,5.57
2020-11-08,5.78,35.28,0.99,4.31
2020-11-09,4.46,36.3,0.96,6.22
2020-11-10,4.07,35.79,1.12,7.14
2020-11-11,3.9,35.44,0.97,7.42
2020-11-12,4.13,35.67,1.12,7.54
2020-11-13,5.02,35.2,1.16,7.0
2020-11-14,5.9,36.21,1.43,7.27
2020-11-15,6.71,35.62,1.48,4.59
2020-11-16,5.86,35.59,1.65,6.06
2020-11-17,7.04,35.78,1.21,6.78
2020-11-18,6.85,35.55,1.44,4.9
2020-11-19,6.79,32.88,2.97,4.95
2020-11-20,2.64,32.84,2.2,5.01
2020-11-21,-0.63,34.96,1.59,4.67
2020-11-22,2.44,29.77,2.68,5.43
2020-11-23,3.83,33.73,2.56,7.05
2020-11-24,3.32,34.01,1.97,4.54
2020-11-25,0.51,34.65,1.55,2.89
2020-11-26,-0.93,36.33,1.62,5.03
2020-11-27,1.45,37.06,1.42,7.25
2020-11-28,1.0,36.74,1.32,7.38
2020-11-29,-0.18,37.5,0.85,7.67
2020-11-30,-1.2,36.24,1.1,7.15
2020-12-01,-2.11,34.31,1.42,4.06
2020-12-02,-4.41,33.05,1.51,4.7
2020-12-03,-2.27,34.59,2.0,5.96
2020-12-04,2.8,33.27,3.01,6.09
2020-12-05,6.52,32.41,3.15,5.38
2020-12-06,5.72,33.25,3.75,5.42
2020-12-07,2.45,31.82,3.4,6.03
2020-12-08,0.1,34.49,2.61,6.04
2020-12-09,-1.49,35.08,2.49,6.19
2020-12-10,-1.48,36.78,1.9,7.8
2020-12-11,0.01,37.69,1.23,7.04
2020-12-12,0.39,37.6,1.85,6.76
2020-12-13,-0.09,38.02,0.82,7.58
2020-12-14,0.28,37.74,0.98,6.96
2020-12-15,0.18,36.39,1.68,5.63
2020-12-16,1.7,36.44,1.11,6.76
2020-12-17,2.28,36.49,1.33,6.47
2020-12-18,2.56,37.03,1.29,6.83
2020-12-19,0.8,37.49,1.38,5.84
2020-12-20,-0.05,37.29,1.55,6.16
2020-12-21,0.46,36.27,1.28,6.57
2020-12-22,2.6,36.04,2.51,7.63
2020-12-23,4.66,36.16,1.33,7.33
2020-12-24,5.43,36.12,2.03,7.24
2020-12-25,2.24,35.36,1.77,7.63
2020-12-26,-0.66,33.32,2.03,6.24
2020-12-27,-2.15,31.81,2.69,3.38
2020-12-28,2.74,33.57,3.4,6.87
2020-12-29,4.83,32.6,3.07,6.0
2020-12-30,2.75,36.37,1.19,6.56
2020-12-31,0.98,37.92,0.9,6.86
2021-01-01,-0.77,39.43,1.14,6.1
2021-01-02,0.62,38.04,1.45,6.41
2021-01-03,1.37,38.39,2.05,7.08
2021-01-04,1.62,39.92,1.48,6.74
2021-01-05,1.58,40.62,1.83,7.92
2021-01-06,0.88,39.6,1.38,7.07
2021-01-07,0.08,39.5,1.36,7.52
2021-01-08,-0.74,38.76,1.14,6.72
2021-01-09,-1.12,38.74,1.5,7.2
2021-01-10,-1.92,38.03,0.99,6.15
2021-01-11,-3.23,36.57,1.39,4.35
2021-01-12,-2.76,35.73,2.22,5.6
2021-01-13,-1.13,38.73,2.04,7.72
2021-01-14,-2.42,38.55,1.55,7.68
2021-01-15,-5.82,35.35,1.82,6.98
2021-01-16,-7.46,35.86,2.19,7.54
2021-01-17,-11.41,32.56,1.08,5.62
2021-01-18,-14.09,33.21,0.96,4.7
2021-01-19,-6.96,36.27,2.0,7.52
2021-01-20,-0.01,37.5,2.25,6.61
2021-01-21,2.37,34.38,2.53,4.15
2021-01-22,4.53,33.68,2.75,5.72
2021-01-23,4.29,36.55,2.54,6.95
2021-01-24,1.88,39.47,1.31,7.04
2021-01-25,-0.34,39.3,1.73,7.72
2021-01-26,-1.08,37.65,2.61,7.11
2021-01-27,-1.76,36.98,2.13,7.32
2021-01-28,-2.48,36.07,1.82,6.02
2021-01-29,-2.28,36.48,1.61,6.69
2021-01-30,-2.37,36.05,1.81,7.43
2021-01-31,-6.11,33.0,1.22,3.81
