249180010,PSZCZYNA,2020,12,01,-1.3,,.0,8,.0,8,.7,
249180010,PSZCZYNA,2020,12,02,-5.9,,.0,8,.0,8,5.7,
249180010,PSZCZYNA,2020,12,03,-3.6,,.0,8,.0,8,8.0,
249180010,PSZCZYNA,2020,12,04,3.4,,.0,8,.0,8,6.7,
249180010,PSZCZYNA,2020,12,05,7.8,,.0,8,.0,8,5.7,
249180010,PSZCZYNA,2020,12,06,6.6,,.0,8,.0,8,5.0,
249180010,PSZCZYNA,2020,12,07,3.3,,.0,8,.0,8,7.7,
249180010,PSZCZYNA,2020,12,08,-.4,,.0,8,.0,8,6.0,
249180010,PSZCZYNA,2020,12,09,-1.8,,.0,8,.0,8,8.0,
249180010,PSZCZYNA,2020,12,10,-2.2,,.0,8,.0,8,8.0,
249180010,PSZCZYNA,2020,12,11,-.7,,.0,8,.0,8,5.3,
249180010,PSZCZYNA,2020,12,12,-1.8,,.0,8,.0,8,8.0,
249180010,PSZCZYNA,2020,12,13,-.2,,.0,8,.0,8,8.0,
249180010,PSZCZYNA,2020,12,14,.2,,.0,8,.0,8,5.3,
249180010,PSZCZYNA,2020,12,15,-3.2,,.0,8,.0,8,8.0,
249180010,PSZCZYNA,2020,12,16,1.1,,.0,8,.0,8,7.3,
249180010,PSZCZYNA,2020,12,17,2.0,,.0,8,.0,8,8.0,
249180010,PSZCZYNA,2020,12,18,2.7,,.0,8,.0,8,7.3,
249180010,PSZCZYNA,2020,12,19,.6,,.0,8,.0,8,8.0,
249180010,PSZCZYNA,2020,12,20,-1.4,,.0,8,.0,8,8.0,
249180010,PSZCZYNA,2020,12,21,.7,,.0,8,.0,8,8.0,
249180010,PSZCZYNA,2020,12,22,2.5,,.0,8,.0,8,8.0,
249180010,PSZCZYNA,2020,12,23,6.3,,.0,8,.0,8,8.0,
249180010,PSZCZYNA,2020,12,24,7.3,,.0,8,.0,8,8.0,
249180010,PSZCZYNA,2020,12,25,2.9,,.0,8,.0,8,7.3,
249180010,PSZCZYNA,2020,12,26,-.5,,.0,8,.0,8,5.3,
249180010,PSZCZYNA,2020,12,27,-3.1,,.0,8,.0,8,1.7,
249180010,PSZCZYNA,2020,12,28,4.3,,.0,8,.0,8,6.0,
249180010,PSZCZYNA,2020,12,29,5.7,,.0,8,.0,8,3.7,
249180010,PSZCZYNA,2020,12,30,4.4,,.0,8,.0,8,8.0,
249180010,PSZCZYNA,2020,12,31,1.3,,.0,8,.0,8,7.7,
249180160,BRENNA,2020,12,01,-2.4,,.0,8,.0,8,1.3,
249180160,BRENNA,2020,12,02,-6.2,,.0,8,.0,8,4.7,
249180160,BRENNA,2020,12,03,-3.9,,.0,8,.0,8,6.7,
249180160,BRENNA,2020,12,04,4.5,,.0,8,.0,8,5.7,
249180160,BRENNA,2020,12,05,9.6,,.0,8,.0,8,5.3,
249180160,BRENNA,2020,12,06,9.0,,.0,8,.0,8,5.3,
249180160,BRENNA,2020,12,07,5.0,,.0,8,.0,8,7.3,
249180160,BRENNA,2020,12,08,3.0,,.0,8,.0,8,4.3,
249180160,BRENNA,2020,12,09,-.4,,.0,8,.0,8,8.0,
249180160,BRENNA,2020,12,10,.1,,.0,8,.0,8,7.7,
249180160,BRENNA,2020,12,11,.4,,.0,8,.0,8,5.3,
249180160,BRENNA,2020,12,12,-1.0,,.0,8,.0,8,7.3,
249180160,BRENNA,2020,12,13,.4,,.0,8,.0,8,8.0,
249180160,BRENNA,2020,12,14,1.3,,.0,8,.0,8,4.0,
249180160,BRENNA,2020,12,15,3.7,,.0,8,.0,8,3.3,
249180160,BRENNA,2020,12,16,2.5,,.0,8,.0,8,6.3,
249180160,BRENNA,2020,12,17,.9,,.0,8,.0,8,5.0,
249180160,BRENNA,2020,12,18,2.6,,.0,8,.0,8,6.3,
249180160,BRENNA,2020,12,19,2.4,,.0,8,.0,8,2.7,
249180160,BRENNA,2020,12,20,.8,,.0,8,.0,8,7.0,
249180160,BRENNA,2020,12,21,2.2,,.0,8,.0,8,7.0,
249180160,BRENNA,2020,12,22,4.4,,.0,8,.0,8,7.0,
249180160,BRENNA,2020,12,23,7.3,,.0,8,.0,8,7.7,
249180160,BRENNA,2020,12,24,5.0,,.0,8,.0,8,5.7,
249180160,BRENNA,2020,12,25,3.4,,.0,8,.0,8,7.7,
249180160,BRENNA,2020,12,26,.9,,.0,8,.0,8,7.0,
249180160,BRENNA,2020,12,27,-.6,,.0,8,.0,8,1.7,
249180160,BRENNA,2020,12,28,3.5,,.0,8,.0,8,4.7,
249180160,BRENNA,2020,12,29,5.7,,.0,8,.0,8,4.7,
249180160,BRENNA,2020,12,30,5.6,,.0,8,.0,8,7.0,
249180160,BRENNA,2020,12,31,.8,,.0,8,.0,8,8.0,
249190480,LALIKI,2020,12,01,-5.1,,.0,8,.0,8,1.0,
249190480,LALIKI,2020,12,02,-5.8,,.0,8,.0,8,.7,
249190480,LALIKI,2020,12,03,-.2,,.0,8,.0,8,6.7,
249190480,LALIKI,2020,12,04,5.2,,.0,8,.0,8,6.7,
249190480,LALIKI,2020,12,05,7.2,,.0,8,.0,8,6.3,
249190480,LALIKI,2020,12,06,7.9,,.0,8,.0,8,5.3,
249190480,LALIKI,2020,12,07,6.9,,.0,8,.0,8,7.3,
249190480,LALIKI,2020,12,08,3.6,,.0,8,.0,8,1.3,
249190480,LALIKI,2020,12,09,.5,,.0,8,.0,8,1.7,
249190480,LALIKI,2020,12,10,-3.5,,.0,8,.0,8,8.0,
249190480,LALIKI,2020,12,11,-1.0,,.0,8,.0,8,7.0,
249190480,LALIKI,2020,12,12,2.1,,.0,8,.0,8,6.7,
249190480,LALIKI,2020,12,13,-1.8,,.0,8,.0,8,8.0,
249190480,LALIKI,2020,12,14,-2.4,,.0,8,.0,8,7.3,
249190480,LALIKI,2020,12,15,-1.3,,.0,8,.0,8,3.7,
249190480,LALIKI,2020,12,16,-.8,,.0,8,.0,8,7.7,
249190480,LALIKI,2020,12,17,-1.4,,.0,8,.0,8,7.7,
249190480,LALIKI,2020,12,18,.2,,.0,8,.0,8,7.7,
249190480,LALIKI,2020,12,19,-.9,,.0,8,.0,8,8.0,
249190480,LALIKI,2020,12,20,-.1,,.0,8,.0,8,7.3,
249190480,LALIKI,2020,12,21,.0,,.0,8,.0,8,8.0,
249190480,LALIKI,2020,12,22,.5,,.0,8,.0,8,8.0,
249190480,LALIKI,2020,12,23,3.7,,.0,8,.0,8,8.0,
249190480,LALIKI,2020,12,24,4.5,,.0,8,.0,8,7.3,
249190480,LALIKI,2020,12,25,.0,,.0,8,.0,8,8.0,
249190480,LALIKI,2020,12,26,-3.4,,.0,8,.0,8,8.0,
249190480,LALIKI,2020,12,27,-4.5,,.0,8,.0,8,1.3,
249190480,LALIKI,2020,12,28,1.7,,.0,8,.0,8,5.7,
249190480,LALIKI,2020,12,29,2.6,,.0,8,.0,8,6.7,
249190480,LALIKI,2020,12,30,2.5,,.0,8,.0,8,8.0,
249190480,LALIKI,2020,12,31,.7,,.0,8,.0,8,7.0,
249190560,JABONKA,2020,12,01,-8.6,,.0,8,1.0,,.0,
249190560,JABONKA,2020,12,02,-11.1,,.0,8,.0,,5.3,
249190560,JABONKA,2020,12,03,-7.7,,.0,8,1.0,,5.0,
249190560,JABONKA,2020,12,04,.3,,.0,8,1.3,,4.7,
249190560,JABONKA,2020,12,05,5.4,,.0,8,1.0,,7.3,
249190560,JABONKA,2020,12,06,4.0,,.0,8,2.0,,3.3,
249190560,JABONKA,2020,12,07,5.4,,.0,8,1.7,,7.7,
249190560,JABONKA,2020,12,08,.1,,.0,8,1.0,,4.7,
249190560,JABONKA,2020,12,09,-3.0,,.0,8,1.0,,8.0,
249190560,JABONKA,2020,12,10,-2.7,,.0,8,1.0,,8.0,
249190560,JABONKA,2020,12,11,-2.8,,.0,8,.3,,8.0,
249190560,JABONKA,2020,12,12,-2.7,,.0,8,.3,,6.7,
249190560,JABONKA,2020,12,13,-3.9,,.0,8,.7,,8.0,
249190560,JABONKA,2020,12,14,-2.3,,.0,8,1.0,,8.0,
249190560,JABONKA,2020,12,15,-4.1,,.0,8,.7,,4.7,
249190560,JABONKA,2020,12,16,-1.8,,.0,8,1.0,,6.7,
249190560,JABONKA,2020,12,17,-.6,,.0,8,.7,,8.0,
249190560,JABONKA,2020,12,18,1.4,,.0,8,.3,,7.7,
249190560,JABONKA,2020,12,19,.6,,.0,8,1.0,,7.7,
249190560,JABONKA,2020,12,20,-.5,,.0,8,1.0,,8.0,
249190560,JABONKA,2020,12,21,.2,,.0,8,1.0,,5.3,
249190560,JABONKA,2020,12,22,-.2,,.0,8,1.7,,7.7,
249190560,JABONKA,2020,12,23,4.4,,.0,8,.7,,8.0,
249190560,JABONKA,2020,12,24,5.3,,.0,8,1.3,,7.7,
249190560,JABONKA,2020,12,25,1.2,,.0,8,1.0,,8.0,
249190560,JABONKA,2020,12,26,-2.9,,.0,8,1.3,,6.7,
249190560,JABONKA,2020,12,27,-7.9,,.0,8,1.0,,2.3,
249190560,JABONKA,2020,12,28,1.2,,.0,8,3.0,,5.3,
249190560,JABONKA,2020,12,29,3.9,,.0,8,2.3,,5.3,
249190560,JABONKA,2020,12,30,.6,,.0,8,.3,,8.0,
249190560,JABONKA,2020,12,31,.3,,.0,8,1.3,,7.3,
249190670,POLANA CHOCHOOWSKA,2020,12,15,1.3,,.0,8,.3,,4.0,
249190670,POLANA CHOCHOOWSKA,2020,12,16,.6,,.0,8,.0,,5.3,
249190670,POLANA CHOCHOOWSKA,2020,12,17,1.5,,.0,8,.0,,3.7,
249190670,POLANA CHOCHOOWSKA,2020,12,18,-1.6,,.0,8,.0,,3.7,
249190670,POLANA CHOCHOOWSKA,2020,12,19,-.7,,.0,8,.7,,.0,
249190670,POLANA CHOCHOOWSKA,2020,12,20,.1,,.0,8,.7,,.0,
249190670,POLANA CHOCHOOWSKA,2020,12,21,-3.0,,.0,8,.3,,1.7,
249190670,POLANA CHOCHOOWSKA,2020,12,22,1.4,,.0,8,1.0,,7.7,
249190670,POLANA CHOCHOOWSKA,2020,12,23,4.5,,.0,8,.0,,8.0,
249190670,POLANA CHOCHOOWSKA,2020,12,24,4.1,,.0,8,.7,,8.0,
249190670,POLANA CHOCHOOWSKA,2020,12,25,-1.8,,.0,8,1.0,,8.0,
249190670,POLANA CHOCHOOWSKA,2020,12,26,-7.4,,.0,8,.3,,7.0,
249190670,POLANA CHOCHOOWSKA,2020,12,27,-4.7,,.0,8,2.7,,1.7,
249190890,RADZIECHOWY,2020,12,01,-3.3,,87.8,,2.0,,2.0,
249190890,RADZIECHOWY,2020,12,02,-8.2,,86.5,,.7,,.0,
249190890,RADZIECHOWY,2020,12,03,-5.0,,78.0,,1.0,,5.0,
249190890,RADZIECHOWY,2020,12,04,5.4,,67.8,,3.3,,5.0,
249190890,RADZIECHOWY,2020,12,05,10.1,,63.5,,5.0,,5.7,
249190890,RADZIECHOWY,2020,12,06,10.9,,63.3,,2.0,,5.7,
249190890,RADZIECHOWY,2020,12,07,9.7,,63.3,,3.0,,7.3,
249190890,RADZIECHOWY,2020,12,08,3.2,,81.3,,1.3,,1.0,
249190890,RADZIECHOWY,2020,12,09,-1.8,,94.3,,1.0,,4.0,
249190890,RADZIECHOWY,2020,12,10,-1.7,,95.0,,.7,,8.0,
249190890,RADZIECHOWY,2020,12,11,-1.4,,89.8,,.7,,2.7,
249190890,RADZIECHOWY,2020,12,12,-.7,,88.0,,1.0,,6.7,
249190890,RADZIECHOWY,2020,12,13,-1.3,,99.0,,.7,,8.0,
249190890,RADZIECHOWY,2020,12,14,.0,,94.8,,1.0,,7.3,
249190890,RADZIECHOWY,2020,12,15,1.9,,69.5,,2.0,,3.7,
249190890,RADZIECHOWY,2020,12,16,2.3,,82.5,,2.7,,6.7,
249190890,RADZIECHOWY,2020,12,17,-.1,,77.5,,2.3,,3.0,
249190890,RADZIECHOWY,2020,12,18,3.0,,86.3,,1.7,,5.7,
249190890,RADZIECHOWY,2020,12,19,2.0,,88.8,,2.7,,.7,
249190890,RADZIECHOWY,2020,12,20,-.5,,93.8,,1.3,,3.0,
249190890,RADZIECHOWY,2020,12,21,1.1,,79.5,,3.0,,7.3,
249190890,RADZIECHOWY,2020,12,22,4.1,,77.3,,4.7,,7.0,
249190890,RADZIECHOWY,2020,12,23,6.8,,94.5,,1.7,,8.0,
249190890,RADZIECHOWY,2020,12,24,7.5,,81.8,,2.7,,5.3,
249190890,RADZIECHOWY,2020,12,25,2.4,,90.3,,2.3,,8.0,
249190890,RADZIECHOWY,2020,12,26,-.9,,92.5,,1.3,,6.3,
249190890,RADZIECHOWY,2020,12,27,-.7,,64.8,,3.0,,2.0,
249190890,RADZIECHOWY,2020,12,28,5.3,,79.5,,3.3,,5.3,
249190890,RADZIECHOWY,2020,12,29,5.4,,78.0,,4.7,,6.0,
249190890,RADZIECHOWY,2020,12,30,2.5,,96.0,,.7,,7.7,
249190890,RADZIECHOWY,2020,12,31,1.8,,95.5,,1.3,,7.7,
249200020,AZY,2020,12,01,-.8,,.0,8,2.0,,2.3,
249200020,AZY,2020,12,02,-5.8,,.0,8,.7,,4.3,
249200020,AZY,2020,12,03,-5.2,,.0,8,.3,,5.7,
249200020,AZY,2020,12,04,5.6,,.0,8,6.7,,5.0,
249200020,AZY,2020,12,05,10.9,,.0,8,7.0,,5.7,
249200020,AZY,2020,12,06,9.2,,.0,8,7.0,,4.0,
249200020,AZY,2020,12,07,3.4,,.0,8,3.3,,7.3,
249200020,AZY,2020,12,08,.4,,.0,8,1.7,,4.0,
249200020,AZY,2020,12,09,-1.6,,.0,8,3.0,,6.3,
249200020,AZY,2020,12,10,-1.4,,.0,8,1.7,,8.0,
249200020,AZY,2020,12,11,-1.2,,.0,8,.7,,8.0,
249200020,AZY,2020,12,12,-.3,,.0,8,.7,,8.0,
249200020,AZY,2020,12,13,.1,,.0,8,.0,,8.0,
249200020,AZY,2020,12,14,.2,,.0,8,.7,,8.0,
249200020,AZY,2020,12,15,-.6,,.0,8,1.3,,4.0,
249200020,AZY,2020,12,16,.2,,.0,8,.3,,7.3,
249200020,AZY,2020,12,17,.0,,.0,8,1.0,,3.7,
249200020,AZY,2020,12,18,1.6,,.0,8,.7,,8.0,
249200020,AZY,2020,12,19,-2.6,,.0,8,.7,,5.7,
249200020,AZY,2020,12,20,-4.1,,.0,8,.3,,8.0,
249200020,AZY,2020,12,21,-2.2,,.0,8,.3,,5.3,
249200020,AZY,2020,12,22,2.3,,.0,8,2.3,,7.7,
249200020,AZY,2020,12,23,6.1,,.0,8,1.3,,7.7,
249200020,AZY,2020,12,24,7.9,,.0,8,2.0,,7.0,
249200020,AZY,2020,12,25,3.2,,.0,8,2.0,,8.0,
249200020,AZY,2020,12,26,.5,,.0,8,3.0,,8.0,
249200020,AZY,2020,12,27,-1.1,,.0,8,4.0,,5.0,
249200020,AZY,2020,12,28,5.6,,.0,8,6.7,,6.7,
249200020,AZY,2020,12,29,7.4,,.0,8,4.0,,5.0,
249200020,AZY,2020,12,30,3.8,,.0,8,1.0,,7.7,
249200020,AZY,2020,12,31,1.4,,.0,8,1.0,,8.0,
249200180,LIMANOWA,2020,12,01,-2.7,,75.5,,2.0,,.7,
249200180,LIMANOWA,2020,12,02,-6.8,,85.5,,2.3,,.0,
249200180,LIMANOWA,2020,12,03,-.1,,67.0,,3.7,,5.7,
249200180,LIMANOWA,2020,12,04,6.0,,68.3,,9.0,,4.7,
249200180,LIMANOWA,2020,12,05,8.9,,67.3,,5.3,,6.0,
249200180,LIMANOWA,2020,12,06,9.0,,65.3,,5.3,,4.0,
249200180,LIMANOWA,2020,12,07,6.3,,68.0,,5.0,,6.0,
249200180,LIMANOWA,2020,12,08,3.7,,78.8,,3.0,,4.0,
249200180,LIMANOWA,2020,12,09,.3,,84.3,,2.0,,.7,
249200180,LIMANOWA,2020,12,10,-2.8,,96.0,,1.7,,8.0,
249200180,LIMANOWA,2020,12,11,.3,,93.0,,2.0,,4.7,
249200180,LIMANOWA,2020,12,12,.2,,91.3,,3.7,,1.7,
249200180,LIMANOWA,2020,12,13,-2.3,,96.5,,.7,,8.0,
249200180,LIMANOWA,2020,12,14,-2.1,,96.8,,1.7,,8.0,
249200180,LIMANOWA,2020,12,15,-.6,,87.0,,4.0,,2.7,
249200180,LIMANOWA,2020,12,16,.1,,85.3,,1.7,,5.0,
249200180,LIMANOWA,2020,12,17,-.4,,94.0,,1.7,,3.7,
249200180,LIMANOWA,2020,12,18,.7,,94.8,,1.0,,7.7,
249200180,LIMANOWA,2020,12,19,.4,,88.8,,3.7,,.7,
249200180,LIMANOWA,2020,12,20,-.2,,92.5,,3.3,,.3,
249200180,LIMANOWA,2020,12,21,.1,,88.8,,1.3,,4.3,
249200180,LIMANOWA,2020,12,22,2.9,,81.8,,2.0,,7.7,
249200180,LIMANOWA,2020,12,23,5.3,,92.5,,2.3,,8.0,
249200180,LIMANOWA,2020,12,24,6.9,,88.3,,2.0,,8.0,
249200180,LIMANOWA,2020,12,25,1.4,,98.3,,2.7,,7.7,
249200180,LIMANOWA,2020,12,26,-2.5,,87.0,,3.3,,5.7,
249200180,LIMANOWA,2020,12,27,-2.7,,69.8,,3.7,,3.0,
249200180,LIMANOWA,2020,12,28,3.9,,74.8,,6.7,,7.3,
249200180,LIMANOWA,2020,12,29,5.6,,65.3,,5.7,,5.7,
249200180,LIMANOWA,2020,12,30,3.6,,88.5,,2.0,,7.3,
249200180,LIMANOWA,2020,12,31,1.2,,98.3,,.7,,8.0,
249200240,PTASZKOWA,2020,12,01,-2.3,,.0,8,2.0,,1.0,
249200240,PTASZKOWA,2020,12,02,-7.3,,.0,8,.7,,5.3,
249200240,PTASZKOWA,2020,12,03,.3,,.0,8,2.0,,6.3,
249200240,PTASZKOWA,2020,12,04,5.5,,.0,8,2.7,,5.0,
249200240,PTASZKOWA,2020,12,05,9.1,,.0,8,4.7,,5.3,
249200240,PTASZKOWA,2020,12,06,9.4,,.0,8,3.0,,2.3,
249200240,PTASZKOWA,2020,12,07,6.4,,.0,8,3.7,,6.3,
249200240,PTASZKOWA,2020,12,08,3.3,,.0,8,2.0,,4.7,
249200240,PTASZKOWA,2020,12,09,.3,,.0,8,2.3,,3.3,
249200240,PTASZKOWA,2020,12,10,-.7,,.0,8,2.3,,7.3,
249200240,PTASZKOWA,2020,12,11,.6,,.0,8,.7,,5.0,
249200240,PTASZKOWA,2020,12,12,.7,,.0,8,2.0,,2.0,
249200240,PTASZKOWA,2020,12,13,-1.3,,.0,8,.3,,8.0,
249200240,PTASZKOWA,2020,12,14,-1.3,,.0,8,1.0,,8.0,
249200240,PTASZKOWA,2020,12,15,-.5,,.0,8,.0,,1.3,
249200240,PTASZKOWA,2020,12,16,.5,,.0,8,.3,,4.7,
249200240,PTASZKOWA,2020,12,17,.1,,.0,8,.3,,5.3,
249200240,PTASZKOWA,2020,12,18,1.5,,.0,8,1.0,,7.3,
249200240,PTASZKOWA,2020,12,19,.8,,.0,8,.7,,2.0,
249200240,PTASZKOWA,2020,12,20,-.4,,.0,8,.7,,1.7,
249200240,PTASZKOWA,2020,12,21,.4,,.0,8,1.3,,4.3,
249200240,PTASZKOWA,2020,12,22,2.8,,.0,8,2.7,,8.0,
249200240,PTASZKOWA,2020,12,23,3.6,,.0,8,.7,,8.0,
249200240,PTASZKOWA,2020,12,24,6.1,,.0,8,1.0,,7.7,
249200240,PTASZKOWA,2020,12,25,2.1,,.0,8,1.7,,8.0,
249200240,PTASZKOWA,2020,12,26,-1.4,,.0,8,3.0,,7.3,
249200240,PTASZKOWA,2020,12,27,-1.8,,.0,8,2.0,,4.7,
249200240,PTASZKOWA,2020,12,28,3.5,,.0,8,4.3,,7.3,
249200240,PTASZKOWA,2020,12,29,5.5,,.0,8,4.7,,5.3,
249200240,PTASZKOWA,2020,12,30,4.2,,.0,8,2.3,,8.0,
249200240,PTASZKOWA,2020,12,31,1.5,,.0,8,.3,,8.0,
249200260,CKO,2020,12,01,-3.6,,.0,8,1.3,,1.3,
249200260,CKO,2020,12,02,-6.7,,.0,8,1.3,,.3,
249200260,CKO,2020,12,03,-1.5,,.0,8,1.3,,5.0,
249200260,CKO,2020,12,04,7.6,,.0,8,4.3,,3.0,
249200260,CKO,2020,12,05,10.3,,.0,8,3.7,,3.3,
249200260,CKO,2020,12,06,10.5,,.0,8,3.3,,2.3,
249200260,CKO,2020,12,07,7.3,,.0,8,2.0,,5.0,
249200260,CKO,2020,12,08,3.9,,.0,8,.7,,2.7,
249200260,CKO,2020,12,09,-.5,,.0,8,1.0,,.3,
249200260,CKO,2020,12,10,-1.8,,.0,8,.0,,7.7,
249200260,CKO,2020,12,11,-.9,,.0,8,.0,,4.0,
249200260,CKO,2020,12,12,-2.1,,.0,8,.0,,3.0,
249200260,CKO,2020,12,13,-2.3,,.0,8,.3,,7.0,
249200260,CKO,2020,12,14,-.9,,.0,8,2.0,,7.0,
249200260,CKO,2020,12,15,-1.2,,.0,8,1.3,,.0,
249200260,CKO,2020,12,16,-1.3,,.0,8,1.0,,2.7,
249200260,CKO,2020,12,17,-.3,,.0,8,.3,,3.3,
249200260,CKO,2020,12,18,1.0,,.0,8,.7,,8.0,
249200260,CKO,2020,12,19,-.8,,.0,8,.3,,1.0,
249200260,CKO,2020,12,20,-1.2,,.0,8,.7,,6.7,
249200260,CKO,2020,12,21,-1.0,,.0,8,.7,,6.7,
249200260,CKO,2020,12,22,3.5,,.0,8,3.3,,6.7,
249200260,CKO,2020,12,23,5.6,,.0,8,1.0,,8.0,
249200260,CKO,2020,12,24,5.5,,.0,8,1.0,,5.7,
249200260,CKO,2020,12,25,2.7,,.0,8,1.0,,7.7,
249200260,CKO,2020,12,26,-1.2,,.0,8,1.3,,4.7,
249200260,CKO,2020,12,27,-2.4,,.0,8,2.0,,3.7,
249200260,CKO,2020,12,28,5.1,,.0,8,4.0,,7.3,
249200260,CKO,2020,12,29,6.3,,.0,8,2.7,,5.7,
249200260,CKO,2020,12,30,2.1,,.0,8,1.0,,6.7,
249200260,CKO,2020,12,31,1.1,,.0,8,.0,,8.0,
249200370,KROCIENKO,2020,12,01,-3.9,,.0,8,.0,,.0,
249200370,KROCIENKO,2020,12,02,-7.3,,.0,8,.0,,.0,
249200370,KROCIENKO,2020,12,03,-.7,,.0,8,3.3,,5.7,
249200370,KROCIENKO,2020,12,04,6.6,,.0,8,6.0,,3.0,
249200370,KROCIENKO,2020,12,05,9.4,,.0,8,6.0,,4.7,
249200370,KROCIENKO,2020,12,06,9.8,,.0,8,4.3,,3.0,
249200370,KROCIENKO,2020,12,07,7.6,,.0,8,2.0,,5.3,
249200370,KROCIENKO,2020,12,08,5.4,,.0,8,3.0,,6.0,
249200370,KROCIENKO,2020,12,09,2.6,,.0,8,1.3,,6.7,
249200370,KROCIENKO,2020,12,10,.0,,.0,8,1.7,,8.0,
249200370,KROCIENKO,2020,12,11,.6,,.0,8,.0,,7.3,
249200370,KROCIENKO,2020,12,12,-1.3,,.0,8,.0,,1.0,
249200370,KROCIENKO,2020,12,13,-1.6,,.0,8,1.0,,8.0,
249200370,KROCIENKO,2020,12,14,-1.2,,.0,8,.3,,8.0,
249200370,KROCIENKO,2020,12,15,-1.1,,.0,8,2.7,,1.7,
249200370,KROCIENKO,2020,12,16,-1.0,,.0,8,.7,,3.7,
249200370,KROCIENKO,2020,12,17,-.2,,.0,8,1.0,,7.7,
249200370,KROCIENKO,2020,12,18,1.7,,.0,8,.3,,8.0,
249200370,KROCIENKO,2020,12,19,.9,,.0,8,1.7,,5.0,
249200370,KROCIENKO,2020,12,20,1.7,,.0,8,1.0,,8.0,
249200370,KROCIENKO,2020,12,21,2.2,,.0,8,1.0,,8.0,
249200370,KROCIENKO,2020,12,22,1.6,,.0,8,2.0,,7.3,
249200370,KROCIENKO,2020,12,23,3.7,,.0,8,1.0,,8.0,
249200370,KROCIENKO,2020,12,24,4.5,,.0,8,.3,,8.0,
249200370,KROCIENKO,2020,12,25,2.4,,.0,8,1.0,,8.0,
249200370,KROCIENKO,2020,12,26,-1.9,,.0,8,2.7,,3.0,
249200370,KROCIENKO,2020,12,27,-3.1,,.0,8,2.7,,2.0,
249200370,KROCIENKO,2020,12,28,3.8,,.0,8,5.7,,8.0,
249200370,KROCIENKO,2020,12,29,5.3,,.0,8,3.7,,3.7,
249200370,KROCIENKO,2020,12,30,3.0,,.0,8,1.0,,6.7,
249200370,KROCIENKO,2020,12,31,2.0,,.0,8,.7,,7.7,
249200420,NIEDZICA,2020,12,01,-5.2,,.0,8,1.7,,1.7,
249200420,NIEDZICA,2020,12,02,-8.9,,.0,8,1.0,,3.3,
249200420,NIEDZICA,2020,12,03,-2.9,,.0,8,1.3,,3.7,
249200420,NIEDZICA,2020,12,04,5.8,,.0,8,8.3,,3.0,
249200420,NIEDZICA,2020,12,05,8.6,,.0,8,8.0,,5.0,
249200420,NIEDZICA,2020,12,06,9.6,,.0,8,7.0,,2.7,
249200420,NIEDZICA,2020,12,07,6.6,,.0,8,4.0,,4.7,
249200420,NIEDZICA,2020,12,08,4.0,,.0,8,3.0,,4.3,
249200420,NIEDZICA,2020,12,09,.4,,.0,8,1.3,,2.7,
249200420,NIEDZICA,2020,12,10,-.3,,.0,8,1.0,,7.7,
249200420,NIEDZICA,2020,12,11,.2,,.0,8,.0,,8.0,
249200420,NIEDZICA,2020,12,12,-1.2,,.0,8,1.7,,1.7,
249200420,NIEDZICA,2020,12,13,-3.0,,.0,8,.0,,8.0,
249200420,NIEDZICA,2020,12,14,-2.7,,.0,8,.0,,8.0,
249200420,NIEDZICA,2020,12,15,-2.9,,.0,8,2.0,,4.0,
249200420,NIEDZICA,2020,12,16,-2.1,,.0,8,.0,,4.3,
249200420,NIEDZICA,2020,12,17,-1.5,,.0,8,.3,,8.0,
249200420,NIEDZICA,2020,12,18,.2,,.0,8,.0,,8.0,
249200420,NIEDZICA,2020,12,19,-.6,,.0,8,1.0,,5.3,
249200420,NIEDZICA,2020,12,20,-.7,,.0,8,1.3,,5.7,
249200420,NIEDZICA,2020,12,21,-.8,,.0,8,1.0,,7.3,
249200420,NIEDZICA,2020,12,22,-.8,,.0,8,.0,,7.0,
249200420,NIEDZICA,2020,12,23,2.5,,.0,8,.3,,8.0,
249200420,NIEDZICA,2020,12,24,3.7,,.0,8,.0,,7.0,
249200420,NIEDZICA,2020,12,25,1.8,,.0,8,.3,,8.0,
249200420,NIEDZICA,2020,12,26,-1.9,,.0,8,.7,,6.7,
249200420,NIEDZICA,2020,12,27,-4.6,,.0,8,2.7,,3.0,
249200420,NIEDZICA,2020,12,28,2.8,,.0,8,7.0,,5.3,
249200420,NIEDZICA,2020,12,29,4.0,,.0,8,3.3,,4.3,
249200420,NIEDZICA,2020,12,30,2.0,,.0,8,.7,,7.0,
249200420,NIEDZICA,2020,12,31,1.6,,.0,8,.3,,8.0,
249200470,KRYNICA,2020,12,01,-3.2,,81.3,,2.0,,7.0,
249200470,KRYNICA,2020,12,02,-6.9,,79.3,,1.0,,1.3,
249200470,KRYNICA,2020,12,03,-3.8,,75.5,,2.0,,4.7,
249200470,KRYNICA,2020,12,04,4.4,,71.3,,5.7,,8.0,
249200470,KRYNICA,2020,12,05,8.4,,69.0,,6.3,,7.3,
249200470,KRYNICA,2020,12,06,7.1,,76.0,,4.0,,3.3,
249200470,KRYNICA,2020,12,07,5.6,,68.5,,3.0,,7.0,
249200470,KRYNICA,2020,12,08,2.7,,94.0,,3.3,,8.0,
249200470,KRYNICA,2020,12,09,1.7,,86.0,,2.0,,3.0,
249200470,KRYNICA,2020,12,10,-.6,,90.5,,2.7,,8.0,
249200470,KRYNICA,2020,12,11,.1,,94.5,,.0,,5.3,
249200470,KRYNICA,2020,12,12,.1,,95.3,,1.3,,6.7,
249200470,KRYNICA,2020,12,13,-1.8,,93.3,,2.0,,7.3,
249200470,KRYNICA,2020,12,14,-1.1,,95.0,,1.3,,8.0,
249200470,KRYNICA,2020,12,15,-.1,,94.8,,2.0,,7.0,
249200470,KRYNICA,2020,12,16,-.1,,94.3,,1.3,,8.0,
249200470,KRYNICA,2020,12,17,1.0,,92.5,,1.7,,8.0,
249200470,KRYNICA,2020,12,18,.7,,93.3,,1.0,,8.0,
249200470,KRYNICA,2020,12,19,1.0,,91.3,,2.0,,8.0,
249200470,KRYNICA,2020,12,20,.0,,96.8,,1.7,,8.0,
249200470,KRYNICA,2020,12,21,.4,,93.5,,1.3,,8.0,
249200470,KRYNICA,2020,12,22,1.6,,88.8,,2.7,,7.7,
249200470,KRYNICA,2020,12,23,1.4,,90.8,,1.3,,8.0,
249200470,KRYNICA,2020,12,24,2.3,,94.0,,1.0,,8.0,
249200470,KRYNICA,2020,12,25,.9,,92.0,,2.0,,8.0,
249200470,KRYNICA,2020,12,26,-3.4,,84.0,,2.0,,5.0,
249200470,KRYNICA,2020,12,27,-5.1,,77.5,,3.7,,2.0,
249200470,KRYNICA,2020,12,28,1.9,,86.0,,3.7,,7.7,
249200470,KRYNICA,2020,12,29,4.1,,79.0,,2.7,,5.3,
249200470,KRYNICA,2020,12,30,2.5,,90.5,,2.3,,7.0,
249200470,KRYNICA,2020,12,31,.9,,94.8,,2.0,,8.0,
249200480,BUKOWINA TATRZASKA,2020,12,01,-6.5,,.0,8,.0,,.3,
249200480,BUKOWINA TATRZASKA,2020,12,02,-6.3,,.0,8,.3,,.7,
249200480,BUKOWINA TATRZASKA,2020,12,03,-2.3,,.0,8,.7,,5.7,
249200480,BUKOWINA TATRZASKA,2020,12,04,6.4,,.0,8,3.3,,7.0,
249200480,BUKOWINA TATRZASKA,2020,12,05,8.0,,.0,8,4.0,,7.3,
249200480,BUKOWINA TATRZASKA,2020,12,06,8.0,,.0,8,4.3,,4.7,
249200480,BUKOWINA TATRZASKA,2020,12,07,5.6,,.0,8,1.7,,7.0,
249200480,BUKOWINA TATRZASKA,2020,12,08,1.2,,.0,8,.3,,1.7,
249200480,BUKOWINA TATRZASKA,2020,12,09,-.8,,.0,8,.0,,.7,
249200480,BUKOWINA TATRZASKA,2020,12,10,-.4,,.0,8,.7,,8.0,
249200480,BUKOWINA TATRZASKA,2020,12,11,-1.3,,.0,8,.0,,7.3,
249200480,BUKOWINA TATRZASKA,2020,12,12,-.1,,.0,8,.3,,1.0,
249200480,BUKOWINA TATRZASKA,2020,12,13,-1.0,,.0,8,.0,,5.0,
249200480,BUKOWINA TATRZASKA,2020,12,14,-3.2,,.0,8,.0,,1.0,
249200480,BUKOWINA TATRZASKA,2020,12,15,-.5,,.0,8,.0,,1.0,
249200480,BUKOWINA TATRZASKA,2020,12,16,-1.4,,.0,8,.0,,2.3,
249200480,BUKOWINA TATRZASKA,2020,12,17,-1.2,,.0,8,.0,,3.7,
249200480,BUKOWINA TATRZASKA,2020,12,18,-.4,,.0,8,1.0,,8.0,
249200480,BUKOWINA TATRZASKA,2020,12,19,-1.3,,.0,8,.0,,.7,
249200480,BUKOWINA TATRZASKA,2020,12,20,-2.2,,.0,8,.3,,.0,
249200480,BUKOWINA TATRZASKA,2020,12,21,-3.1,,.0,8,.7,,8.0,
249200480,BUKOWINA TATRZASKA,2020,12,22,.1,,.0,8,1.0,,7.7,
249200480,BUKOWINA TATRZASKA,2020,12,23,5.8,,.0,8,.7,,8.0,
249200480,BUKOWINA TATRZASKA,2020,12,24,6.4,,.0,8,4.3,,7.7,
249200480,BUKOWINA TATRZASKA,2020,12,25,-.3,,.0,8,2.0,,8.0,
249200480,BUKOWINA TATRZASKA,2020,12,26,-5.2,,.0,8,3.0,,5.7,
249200480,BUKOWINA TATRZASKA,2020,12,27,-6.3,,.0,8,1.0,,2.3,
249200480,BUKOWINA TATRZASKA,2020,12,28,2.1,,.0,8,3.7,,8.0,
249200480,BUKOWINA TATRZASKA,2020,12,29,3.4,,.0,8,3.0,,5.7,
249200480,BUKOWINA TATRZASKA,2020,12,30,2.3,,.0,8,.7,,8.0,
249200480,BUKOWINA TATRZASKA,2020,12,31,-.1,,.0,8,.0,,8.0,
249200490,MUSZYNA,2020,12,01,-2.1,,.0,8,1.0,,7.7,
249200490,MUSZYNA,2020,12,02,-7.1,,.0,8,.0,,2.0,
249200490,MUSZYNA,2020,12,03,-4.3,,.0,8,.3,,6.7,
249200490,MUSZYNA,2020,12,04,5.2,,.0,8,3.3,,7.3,
249200490,MUSZYNA,2020,12,05,9.6,,.0,8,3.3,,8.0,
249200490,MUSZYNA,2020,12,06,7.8,,.0,8,1.3,,4.3,
249200490,MUSZYNA,2020,12,07,5.2,,.0,8,1.3,,7.7,
249200490,MUSZYNA,2020,12,08,4.5,,.0,8,.3,,8.0,
249200490,MUSZYNA,2020,12,09,3.2,,.0,8,.7,,5.0,
249200490,MUSZYNA,2020,12,10,.4,,.0,8,1.0,,8.0,
249200490,MUSZYNA,2020,12,11,.3,,.0,8,.0,,7.3,
249200490,MUSZYNA,2020,12,12,1.0,,.0,8,.3,,5.7,
249200490,MUSZYNA,2020,12,13,-.3,,.0,8,1.0,,8.0,
249200490,MUSZYNA,2020,12,14,-.3,,.0,8,.0,,8.0,
249200490,MUSZYNA,2020,12,15,.0,,.0,8,.7,,5.3,
249200490,MUSZYNA,2020,12,16,.4,,.0,8,.3,,8.0,
249200490,MUSZYNA,2020,12,17,2.1,,.0,8,1.3,,8.0,
249200490,MUSZYNA,2020,12,18,1.9,,.0,8,.0,,8.0,
249200490,MUSZYNA,2020,12,19,2.3,,.0,8,.3,,8.0,
249200490,MUSZYNA,2020,12,20,1.3,,.0,8,1.0,,8.0,
249200490,MUSZYNA,2020,12,21,1.6,,.0,8,.0,,8.0,
249200490,MUSZYNA,2020,12,22,2.5,,.0,8,.7,,8.0,
249200490,MUSZYNA,2020,12,23,2.3,,.0,8,.0,,8.0,
249200490,MUSZYNA,2020,12,24,3.2,,.0,8,.0,,8.0,
249200490,MUSZYNA,2020,12,25,1.6,,.0,8,.0,,8.0,
249200490,MUSZYNA,2020,12,26,-1.9,,.0,8,.3,,5.3,
249200490,MUSZYNA,2020,12,27,-4.4,,.0,8,.7,,2.7,
249200490,MUSZYNA,2020,12,28,3.2,,.0,8,2.7,,8.0,
249200490,MUSZYNA,2020,12,29,5.1,,.0,8,4.0,,6.0,
249200490,MUSZYNA,2020,12,30,2.7,,.0,8,.7,,8.0,
249200490,MUSZYNA,2020,12,31,1.8,,.0,8,.0,,8.0,
249200550,DOLINA PICIU STAWW,2020,12,01,-8.4,,.0,8,1.7,,.0,
249200550,DOLINA PICIU STAWW,2020,12,02,-5.3,,.0,8,4.3,,1.7,
249200550,DOLINA PICIU STAWW,2020,12,03,-.5,,.0,8,.0,8,8.0,
249200550,DOLINA PICIU STAWW,2020,12,04,1.3,,.0,8,.0,8,7.7,
249200550,DOLINA PICIU STAWW,2020,12,05,2.2,,.0,8,10.7,,7.0,
249200550,DOLINA PICIU STAWW,2020,12,06,4.6,,.0,8,16.7,,4.7,
249200550,DOLINA PICIU STAWW,2020,12,07,2.6,,.0,8,7.0,,7.7,
249200550,DOLINA PICIU STAWW,2020,12,08,-1.0,,.0,8,3.7,,3.7,
249200550,DOLINA PICIU STAWW,2020,12,09,-.6,,.0,8,3.3,,2.0,
249200550,DOLINA PICIU STAWW,2020,12,10,-1.5,,.0,8,3.3,,7.3,
249200550,DOLINA PICIU STAWW,2020,12,11,-3.1,,.0,8,6.3,,5.0,
249200550,DOLINA PICIU STAWW,2020,12,12,-2.5,,.0,8,5.0,,4.0,
249200550,DOLINA PICIU STAWW,2020,12,13,-3.2,,.0,8,1.0,,2.7,
249200550,DOLINA PICIU STAWW,2020,12,14,-1.9,,.0,8,2.3,,1.3,
249200550,DOLINA PICIU STAWW,2020,12,15,1.7,,.0,8,7.3,,2.7,
249200550,DOLINA PICIU STAWW,2020,12,16,4.4,,.0,8,2.7,,5.3,
249200550,DOLINA PICIU STAWW,2020,12,17,4.3,,.0,8,2.0,,5.3,
249200550,DOLINA PICIU STAWW,2020,12,18,.2,,.0,8,1.3,,3.7,
249200550,DOLINA PICIU STAWW,2020,12,19,-.5,,.0,8,4.3,,1.3,
249200550,DOLINA PICIU STAWW,2020,12,20,.1,,.0,8,4.0,,.7,
249200550,DOLINA PICIU STAWW,2020,12,21,-2.2,,.0,8,1.0,,1.3,
249200550,DOLINA PICIU STAWW,2020,12,22,1.0,,.0,8,7.3,,8.0,
249200550,DOLINA PICIU STAWW,2020,12,23,2.6,,.0,8,7.0,,8.0,
249200550,DOLINA PICIU STAWW,2020,12,24,1.4,,.0,8,8.0,,6.3,
249200550,DOLINA PICIU STAWW,2020,12,25,-5.1,,.0,8,2.7,,8.0,
249200550,DOLINA PICIU STAWW,2020,12,26,-9.8,,.0,8,1.0,,5.7,
249200550,DOLINA PICIU STAWW,2020,12,27,-5.3,,.0,8,9.7,,3.0,
249200550,DOLINA PICIU STAWW,2020,12,28,-2.3,,.0,8,11.0,,8.0,
249200550,DOLINA PICIU STAWW,2020,12,29,-2.5,,.0,8,7.0,,6.7,
249200550,DOLINA PICIU STAWW,2020,12,30,-1.7,,.0,8,7.0,,6.7,
249200550,DOLINA PICIU STAWW,2020,12,31,-4.1,,.0,8,.3,,7.0,
249200920,PIWNICZNA,2020,12,01,-3.0,,.0,8,.7,,2.7,
249200920,PIWNICZNA,2020,12,02,-6.3,,.0,8,.7,,1.0,
249200920,PIWNICZNA,2020,12,03,-2.1,,.0,8,3.7,,3.0,
249200920,PIWNICZNA,2020,12,04,6.0,,.0,8,4.3,,6.0,
249200920,PIWNICZNA,2020,12,05,9.3,,.0,8,5.0,,6.7,
249200920,PIWNICZNA,2020,12,06,10.0,,.0,8,6.0,,3.7,
249200920,PIWNICZNA,2020,12,07,7.1,,.0,8,4.7,,7.0,
249200920,PIWNICZNA,2020,12,08,4.4,,.0,8,3.7,,6.7,
249200920,PIWNICZNA,2020,12,09,2.9,,.0,8,.7,,5.3,
249200920,PIWNICZNA,2020,12,10,-.1,,.0,8,1.3,,8.0,
249200920,PIWNICZNA,2020,12,11,1.5,,.0,8,1.0,,5.7,
249200920,PIWNICZNA,2020,12,12,2.0,,.0,8,2.3,,5.3,
249200920,PIWNICZNA,2020,12,13,-.1,,.0,8,1.3,,8.0,
249200920,PIWNICZNA,2020,12,14,-.2,,.0,8,1.0,,8.0,
249200920,PIWNICZNA,2020,12,15,.9,,.0,8,1.7,,8.0,
249200920,PIWNICZNA,2020,12,16,1.8,,.0,8,.7,,7.7,
249200920,PIWNICZNA,2020,12,17,2.4,,.0,8,1.3,,7.3,
249200920,PIWNICZNA,2020,12,18,2.6,,.0,8,1.0,,7.7,
249200920,PIWNICZNA,2020,12,19,2.5,,.0,8,1.7,,7.3,
249200920,PIWNICZNA,2020,12,20,1.7,,.0,8,2.0,,8.0,
249200920,PIWNICZNA,2020,12,21,2.0,,.0,8,1.0,,8.0,
249200920,PIWNICZNA,2020,12,22,2.4,,.0,8,1.7,,7.7,
249200920,PIWNICZNA,2020,12,23,2.6,,.0,8,2.7,,8.0,
249200920,PIWNICZNA,2020,12,24,3.9,,.0,8,.7,,8.0,
249200920,PIWNICZNA,2020,12,25,2.0,,.0,8,1.3,,7.7,
249200920,PIWNICZNA,2020,12,26,-1.7,,.0,8,1.7,,3.7,
249200920,PIWNICZNA,2020,12,27,-3.6,,.0,8,3.3,,3.0,
249200920,PIWNICZNA,2020,12,28,3.4,,.0,8,3.7,,8.0,
249200920,PIWNICZNA,2020,12,29,5.2,,.0,8,1.7,,5.0,
249200920,PIWNICZNA,2020,12,30,2.7,,.0,8,1.0,,7.0,
249200920,PIWNICZNA,2020,12,31,2.1,,.0,8,1.3,,8.0,
249200930,PORONIN,2020,12,01,-11.8,,80.3,,1.0,,.7,
249200930,PORONIN,2020,12,02,-11.7,,84.5,,1.0,,1.3,
249200930,PORONIN,2020,12,03,-5.5,,85.8,,1.0,,5.7,
249200930,PORONIN,2020,12,04,5.8,,68.8,,3.3,,6.3,
249200930,PORONIN,2020,12,05,5.6,,78.0,,2.0,,4.7,
249200930,PORONIN,2020,12,06,2.3,,83.8,,1.3,,3.3,
249200930,PORONIN,2020,12,07,5.5,,76.0,,2.3,,5.7,
249200930,PORONIN,2020,12,08,.0,,88.3,,1.0,,2.7,
249200930,PORONIN,2020,12,09,-4.2,,88.3,,1.3,,1.3,
249200930,PORONIN,2020,12,10,-2.7,,95.0,,1.7,,8.0,
249200930,PORONIN,2020,12,11,-.8,,94.5,,.7,,8.0,
249200930,PORONIN,2020,12,12,-3.7,,90.3,,1.3,,2.3,
249200930,PORONIN,2020,12,13,-4.4,,90.5,,.7,,3.3,
249200930,PORONIN,2020,12,14,-6.0,,96.0,,1.0,,3.0,
249200930,PORONIN,2020,12,15,-5.3,,86.5,,.7,,1.7,
249200930,PORONIN,2020,12,16,-3.1,,92.3,,.3,,4.0,
249200930,PORONIN,2020,12,17,-2.7,,96.0,,1.3,,5.7,
249200930,PORONIN,2020,12,18,-1.1,,96.5,,.3,,7.7,
249200930,PORONIN,2020,12,19,-4.5,,89.5,,1.3,,1.3,
249200930,PORONIN,2020,12,20,-5.3,,88.5,,.7,,3.0,
249200930,PORONIN,2020,12,21,-3.7,,94.0,,1.3,,7.7,
249200930,PORONIN,2020,12,22,-1.6,,92.8,,1.0,,7.3,
249200930,PORONIN,2020,12,23,3.7,,97.8,,1.0,,8.0,
249200930,PORONIN,2020,12,24,6.0,,86.3,,2.7,,7.0,
249200930,PORONIN,2020,12,25,.4,,91.0,,1.0,,8.0,
249200930,PORONIN,2020,12,26,-6.5,,84.5,,2.0,,6.0,
249200930,PORONIN,2020,12,27,-8.6,,76.0,,1.7,,3.0,
249200930,PORONIN,2020,12,28,2.1,,75.0,,2.0,,7.7,
249200930,PORONIN,2020,12,29,4.2,,74.3,,3.0,,8.0,
249200930,PORONIN,2020,12,30,2.1,,86.8,,1.0,,6.3,
249200930,PORONIN,2020,12,31,.2,,94.5,,.3,,8.0,
249200980,MSZANA DOLNA,2020,12,01,-4.8,,78.8,,2.0,,1.0,
249200980,MSZANA DOLNA,2020,12,02,-8.9,,84.3,,1.3,,1.0,
249200980,MSZANA DOLNA,2020,12,03,-5.3,,86.8,,1.7,,7.0,
249200980,MSZANA DOLNA,2020,12,04,.6,,83.5,,2.3,,6.3,
249200980,MSZANA DOLNA,2020,12,05,4.0,,87.5,,2.0,,7.7,
249200980,MSZANA DOLNA,2020,12,06,4.7,,76.3,,2.3,,5.0,
249200980,MSZANA DOLNA,2020,12,07,4.4,,88.0,,1.0,,6.7,
249200980,MSZANA DOLNA,2020,12,08,1.5,,88.0,,1.7,,5.3,
249200980,MSZANA DOLNA,2020,12,09,-2.8,,86.3,,1.7,,4.0,
249200980,MSZANA DOLNA,2020,12,10,-2.3,,90.3,,2.0,,8.0,
249200980,MSZANA DOLNA,2020,12,11,-3.3,,91.3,,1.7,,5.3,
249200980,MSZANA DOLNA,2020,12,12,-2.3,,86.3,,1.0,,5.0,
249200980,MSZANA DOLNA,2020,12,13,-2.8,,90.8,,1.0,,8.0,
249200980,MSZANA DOLNA,2020,12,14,-2.0,,92.0,,1.7,,7.3,
249200980,MSZANA DOLNA,2020,12,15,-.8,,85.3,,3.0,,3.0,
249200980,MSZANA DOLNA,2020,12,16,-1.0,,88.8,,2.0,,6.7,
249200980,MSZANA DOLNA,2020,12,17,-.4,,88.3,,2.7,,5.3,
249200980,MSZANA DOLNA,2020,12,18,.9,,92.0,,1.0,,8.0,
249200980,MSZANA DOLNA,2020,12,19,.5,,83.8,,3.0,,1.7,
249200980,MSZANA DOLNA,2020,12,20,.0,,86.5,,2.0,,3.3,
249200980,MSZANA DOLNA,2020,12,21,-.5,,87.5,,1.7,,5.7,
249200980,MSZANA DOLNA,2020,12,22,2.8,,89.0,,5.7,,8.0,
249200980,MSZANA DOLNA,2020,12,23,6.2,,95.3,,1.3,,8.0,
249200980,MSZANA DOLNA,2020,12,24,6.7,,90.0,,4.0,,7.7,
249200980,MSZANA DOLNA,2020,12,25,2.0,,92.0,,2.0,,8.0,
249200980,MSZANA DOLNA,2020,12,26,-2.5,,89.0,,1.7,,8.0,
249200980,MSZANA DOLNA,2020,12,27,-5.0,,81.0,,2.3,,2.7,
249200980,MSZANA DOLNA,2020,12,28,1.7,,77.8,,3.7,,6.3,
249200980,MSZANA DOLNA,2020,12,29,5.0,,75.8,,3.3,,5.0,
249200980,MSZANA DOLNA,2020,12,30,1.4,,92.8,,.3,,7.3,
249200980,MSZANA DOLNA,2020,12,31,.7,,93.3,,1.7,,8.0,
249220040,DYNW,2020,12,01,-1.4,,.0,8,1.3,,7.3,
249220040,DYNW,2020,12,02,-4.1,,.0,8,2.3,,2.7,
249220040,DYNW,2020,12,03,-4.7,,.0,8,2.3,,2.0,
249220040,DYNW,2020,12,04,-.5,,.0,8,3.3,,6.7,
249220040,DYNW,2020,12,05,3.9,,.0,8,1.3,,1.3,
249220040,DYNW,2020,12,06,2.7,,.0,8,5.0,,8.0,
249220040,DYNW,2020,12,07,-.4,,.0,8,5.0,,8.0,
249220040,DYNW,2020,12,08,-2.0,,.0,8,3.3,,8.0,
249220040,DYNW,2020,12,09,-2.8,,.0,8,4.0,,8.0,
249220040,DYNW,2020,12,10,-1.0,,.0,8,3.3,,8.0,
249220040,DYNW,2020,12,11,.0,,.0,8,.3,,8.0,
249220040,DYNW,2020,12,12,.8,,.0,8,1.3,,8.0,
249220040,DYNW,2020,12,13,.2,,.0,8,.3,,8.0,
249220040,DYNW,2020,12,14,.6,,.0,8,1.0,,8.0,
249220040,DYNW,2020,12,15,.5,,.0,8,2.3,,3.3,
249220040,DYNW,2020,12,16,1.8,,.0,8,1.7,,5.3,
249220040,DYNW,2020,12,17,-.3,,.0,8,.0,,6.7,
249220040,DYNW,2020,12,18,2.9,,.0,8,1.3,,8.0,
249220040,DYNW,2020,12,19,-.1,,.0,8,1.0,,3.3,
249220040,DYNW,2020,12,20,-2.8,,.0,8,1.3,,5.3,
249220040,DYNW,2020,12,21,-3.2,,.0,8,.0,,2.7,
249220040,DYNW,2020,12,22,2.3,,.0,8,4.0,,8.0,
249220040,DYNW,2020,12,23,3.7,,.0,8,1.3,,8.0,
249220040,DYNW,2020,12,24,5.5,,.0,8,2.3,,8.0,
249220040,DYNW,2020,12,25,3.3,,.0,8,3.0,,8.0,
249220040,DYNW,2020,12,26,.6,,.0,8,3.7,,5.3,
249220040,DYNW,2020,12,27,-2.6,,.0,8,1.0,,.7,
249220040,DYNW,2020,12,28,3.0,,.0,8,3.0,,4.7,
249220040,DYNW,2020,12,29,7.3,,.0,8,6.0,,6.0,
249220040,DYNW,2020,12,30,4.8,,.0,8,.3,,8.0,
249220040,DYNW,2020,12,31,3.5,,.0,8,.7,,8.0,
249220150,SOLINA-JAWOR,2020,12,01,-4.1,,.0,8,.3,,6.0,
249220150,SOLINA-JAWOR,2020,12,02,-6.6,,.0,8,.0,,3.3,
249220150,SOLINA-JAWOR,2020,12,03,-3.9,,.0,8,.0,,3.3,
249220150,SOLINA-JAWOR,2020,12,04,3.7,,.0,8,.7,,6.7,
249220150,SOLINA-JAWOR,2020,12,05,9.0,,.0,8,1.7,,4.3,
249220150,SOLINA-JAWOR,2020,12,06,4.2,,.0,8,1.0,,1.0,
249220150,SOLINA-JAWOR,2020,12,07,.5,,.0,8,.7,,4.3,
249220150,SOLINA-JAWOR,2020,12,08,-.8,,.0,8,.0,,7.3,
249220150,SOLINA-JAWOR,2020,12,09,-3.2,,.0,8,.3,,.7,
249220150,SOLINA-JAWOR,2020,12,10,-1.3,,.0,8,.3,,7.7,
249220150,SOLINA-JAWOR,2020,12,11,1.6,,.0,8,.0,,8.0,
249220150,SOLINA-JAWOR,2020,12,12,.1,,.0,8,.7,,8.0,
249220150,SOLINA-JAWOR,2020,12,13,-.5,,.0,8,1.0,,8.0,
249220150,SOLINA-JAWOR,2020,12,14,-.1,,.0,8,.0,,8.0,
249220150,SOLINA-JAWOR,2020,12,15,.0,,.0,8,1.0,,1.7,
249220150,SOLINA-JAWOR,2020,12,16,1.6,,.0,8,1.0,,8.0,
249220150,SOLINA-JAWOR,2020,12,17,2.1,,.0,8,.0,,8.0,
249220150,SOLINA-JAWOR,2020,12,18,2.6,,.0,8,.3,,8.0,
249220150,SOLINA-JAWOR,2020,12,19,.5,,.0,8,1.3,,3.7,
249220150,SOLINA-JAWOR,2020,12,20,-.7,,.0,8,.7,,.0,
249220150,SOLINA-JAWOR,2020,12,21,-.5,,.0,8,1.0,,3.7,
249220150,SOLINA-JAWOR,2020,12,22,1.9,,.0,8,3.7,,8.0,
249220150,SOLINA-JAWOR,2020,12,23,3.1,,.0,8,.3,,8.0,
249220150,SOLINA-JAWOR,2020,12,24,5.4,,.0,8,.0,8,8.0,
249220150,SOLINA-JAWOR,2020,12,25,2.7,,.0,8,.0,8,8.0,
249220150,SOLINA-JAWOR,2020,12,26,-.4,,.0,8,.0,8,8.0,
249220150,SOLINA-JAWOR,2020,12,27,-3.2,,.0,8,.0,8,2.3,
249220150,SOLINA-JAWOR,2020,12,28,5.2,,.0,8,.0,8,7.3,
249220150,SOLINA-JAWOR,2020,12,29,6.8,,.0,8,3.7,,5.7,
249220150,SOLINA-JAWOR,2020,12,30,7.4,,.0,8,2.0,,8.0,
249220150,SOLINA-JAWOR,2020,12,31,2.8,,.0,8,1.0,,8.0,
249220180,KOMACZA,2020,12,01,-4.5,,85.3,,1.7,,5.3,
249220180,KOMACZA,2020,12,02,-10.5,,81.8,,.7,,.0,
249220180,KOMACZA,2020,12,03,-5.6,,81.5,,1.0,,3.7,
249220180,KOMACZA,2020,12,04,3.3,,70.3,,1.3,,8.0,
249220180,KOMACZA,2020,12,05,6.6,,71.8,,1.7,,3.3,
249220180,KOMACZA,2020,12,06,3.9,,86.8,,1.3,,1.0,
249220180,KOMACZA,2020,12,07,-.2,,83.8,,1.3,,3.3,
249220180,KOMACZA,2020,12,08,.8,,91.0,,1.7,,6.7,
249220180,KOMACZA,2020,12,09,-2.7,,89.8,,1.0,,5.3,
249220180,KOMACZA,2020,12,10,-.8,,97.0,,1.0,,8.0,
249220180,KOMACZA,2020,12,11,2.3,,99.0,,.7,,8.0,
249220180,KOMACZA,2020,12,12,.4,,98.8,,.7,,8.0,
249220180,KOMACZA,2020,12,13,-.6,,99.0,,1.3,,8.0,
249220180,KOMACZA,2020,12,14,-.3,,96.0,,1.0,,8.0,
249220180,KOMACZA,2020,12,15,1.0,,98.5,,2.0,,8.0,
249220180,KOMACZA,2020,12,16,1.1,,97.8,,1.7,,8.0,
249220180,KOMACZA,2020,12,17,1.7,,99.3,,2.0,,7.3,
249220180,KOMACZA,2020,12,18,1.7,,97.0,,1.3,,8.0,
249220180,KOMACZA,2020,12,19,2.2,,92.8,,1.3,,6.7,
249220180,KOMACZA,2020,12,20,1.6,,86.8,,2.0,,8.0,
249220180,KOMACZA,2020,12,21,1.5,,83.0,,1.7,,8.0,
249220180,KOMACZA,2020,12,22,.5,,93.8,,4.0,,8.0,
249220180,KOMACZA,2020,12,23,1.7,,99.3,,1.7,,8.0,
249220180,KOMACZA,2020,12,24,4.7,,95.3,,1.7,,8.0,
249220180,KOMACZA,2020,12,25,2.2,,95.0,,1.7,,8.0,
249220180,KOMACZA,2020,12,26,-.7,,76.0,,2.3,,7.3,
249220180,KOMACZA,2020,12,27,-4.2,,82.5,,2.3,,3.0,
249220180,KOMACZA,2020,12,28,3.2,,91.0,,2.0,,8.0,
249220180,KOMACZA,2020,12,29,5.8,,82.0,,3.7,,8.0,
249220180,KOMACZA,2020,12,30,6.4,,88.0,,2.7,,8.0,
249220180,KOMACZA,2020,12,31,2.5,,96.5,,1.0,,8.0,
250160360,TARNW,2020,12,01,-.9,,.0,8,.0,8,1.0,
250160360,TARNW,2020,12,02,-2.9,,.0,8,.0,8,1.0,
250160360,TARNW,2020,12,03,-1.5,,.0,8,.0,8,8.0,
250160360,TARNW,2020,12,04,3.6,,.0,8,.0,8,5.7,
250160360,TARNW,2020,12,05,7.8,,.0,8,.0,8,7.0,
250160360,TARNW,2020,12,06,10.0,,.0,8,.0,8,7.3,
250160360,TARNW,2020,12,07,6.1,,.0,8,.0,8,8.0,
250160360,TARNW,2020,12,08,3.1,,.0,8,.0,8,5.3,
250160360,TARNW,2020,12,09,-.8,,.0,8,.0,8,8.0,
250160360,TARNW,2020,12,10,-1.5,,.0,8,.0,8,8.0,
250160360,TARNW,2020,12,11,-.2,,.0,8,.0,8,5.7,
250160360,TARNW,2020,12,12,.2,,.0,8,.0,8,8.0,
250160360,TARNW,2020,12,13,2.8,,.0,8,.0,8,8.0,
250160360,TARNW,2020,12,14,4.0,,.0,8,.0,8,6.0,
250160360,TARNW,2020,12,15,2.4,,.0,8,.0,8,5.3,
250160360,TARNW,2020,12,16,2.6,,.0,8,.0,8,8.0,
250160360,TARNW,2020,12,17,2.4,,.0,8,.0,8,3.3,
250160360,TARNW,2020,12,18,2.3,,.0,8,.0,8,3.3,
250160360,TARNW,2020,12,19,1.9,,.0,8,.0,8,3.3,
250160360,TARNW,2020,12,20,2.3,,.0,8,.0,8,6.7,
250160360,TARNW,2020,12,21,2.7,,.0,8,.0,8,5.3,
250160360,TARNW,2020,12,22,5.1,,.0,8,.0,8,7.0,
250160360,TARNW,2020,12,23,7.4,,.0,8,.0,8,7.7,
250160360,TARNW,2020,12,24,7.8,,.0,8,.0,8,7.7,
250160360,TARNW,2020,12,25,1.5,,.0,8,.0,8,8.0,
250160360,TARNW,2020,12,26,-.3,,.0,8,.0,8,5.0,
250160360,TARNW,2020,12,27,-.3,,.0,8,.0,8,3.0,
250160360,TARNW,2020,12,28,2.9,,.0,8,.0,8,8.0,
250160360,TARNW,2020,12,29,4.0,,.0,8,.0,8,3.7,
250160360,TARNW,2020,12,30,1.2,,.0,8,.0,8,5.0,
250160360,TARNW,2020,12,31,.8,,.0,8,.0,8,3.3,
250180580,DRONIOWICE,2020,12,01,-1.7,,92.8,,2.0,,5.0,
250180580,DRONIOWICE,2020,12,02,-4.2,,93.0,,2.7,,8.0,
250180580,DRONIOWICE,2020,12,03,-2.7,,92.3,,2.3,,8.0,
250180580,DRONIOWICE,2020,12,04,3.7,,86.3,,3.0,,6.0,
250180580,DRONIOWICE,2020,12,05,7.1,,77.0,,2.7,,7.0,
250180580,DRONIOWICE,2020,12,06,6.9,,83.3,,4.7,,5.0,
250180580,DRONIOWICE,2020,12,07,3.2,,83.8,,5.0,,6.7,
250180580,DRONIOWICE,2020,12,08,.1,,93.3,,3.7,,6.7,
250180580,DRONIOWICE,2020,12,09,-1.5,,96.5,,4.3,,8.0,
250180580,DRONIOWICE,2020,12,10,-2.0,,97.8,,2.0,,8.0,
250180580,DRONIOWICE,2020,12,11,.5,,94.5,,2.3,,6.3,
250180580,DRONIOWICE,2020,12,12,-.5,,95.5,,2.3,,8.0,
250180580,DRONIOWICE,2020,12,13,.7,,96.0,,1.7,,8.0,
250180580,DRONIOWICE,2020,12,14,1.4,,92.5,,1.7,,7.0,
250180580,DRONIOWICE,2020,12,15,1.5,,87.8,,3.7,,6.7,
250180580,DRONIOWICE,2020,12,16,2.7,,88.5,,2.0,,8.0,
250180580,DRONIOWICE,2020,12,17,3.0,,92.0,,2.7,,7.7,
250180580,DRONIOWICE,2020,12,18,2.1,,97.0,,3.3,,8.0,
250180580,DRONIOWICE,2020,12,19,2.5,,94.0,,2.7,,8.0,
250180580,DRONIOWICE,2020,12,20,3.1,,90.5,,2.7,,8.0,
250180580,DRONIOWICE,2020,12,21,2.5,,91.8,,3.0,,8.0,
250180580,DRONIOWICE,2020,12,22,4.1,,95.0,,5.3,,8.0,
250180580,DRONIOWICE,2020,12,23,6.5,,99.8,,2.0,,8.0,
250180580,DRONIOWICE,2020,12,24,6.9,,94.3,,4.3,,8.0,
250180580,DRONIOWICE,2020,12,25,2.8,,87.8,,3.0,,8.0,
250180580,DRONIOWICE,2020,12,26,.2,,100.0,,4.7,,8.0,
250180580,DRONIOWICE,2020,12,27,-1.3,,97.0,,3.7,,5.3,
250180580,DRONIOWICE,2020,12,28,2.7,,78.0,,3.7,,6.7,
250180580,DRONIOWICE,2020,12,29,3.9,,91.8,,3.7,,7.7,
250180580,DRONIOWICE,2020,12,30,3.1,,100.0,,1.7,,8.0,
250180580,DRONIOWICE,2020,12,31,-1.8,,95.5,,1.0,,8.0,
250190160,LGOTA GRNA,2020,12,01,-2.4,,.0,8,.0,8,6.7,
250190160,LGOTA GRNA,2020,12,02,-5.5,,.0,8,.0,8,8.0,
250190160,LGOTA GRNA,2020,12,03,-3.2,,.0,8,.0,8,8.0,
250190160,LGOTA GRNA,2020,12,04,4.0,,.0,8,.0,8,6.7,
250190160,LGOTA GRNA,2020,12,05,7.4,,.0,8,.0,8,6.7,
250190160,LGOTA GRNA,2020,12,06,5.4,,.0,8,.0,8,6.7,
250190160,LGOTA GRNA,2020,12,07,1.7,,.0,8,.0,8,8.0,
250190160,LGOTA GRNA,2020,12,08,-1.2,,.0,8,.0,8,7.3,
250190160,LGOTA GRNA,2020,12,09,-2.1,,.0,8,.0,8,8.0,
250190160,LGOTA GRNA,2020,12,10,-2.9,,.0,8,.0,8,8.0,
250190160,LGOTA GRNA,2020,12,11,.1,,.0,8,.0,8,6.0,
250190160,LGOTA GRNA,2020,12,12,-1.0,,.0,8,.0,8,8.0,
250190160,LGOTA GRNA,2020,12,13,-.1,,.0,8,.0,8,8.0,
250190160,LGOTA GRNA,2020,12,14,.4,,.0,8,.0,8,7.7,
250190160,LGOTA GRNA,2020,12,15,.0,,.0,8,.0,8,7.3,
250190160,LGOTA GRNA,2020,12,16,1.7,,.0,8,.0,8,8.0,
250190160,LGOTA GRNA,2020,12,17,2.1,,.0,8,.0,8,8.0,
250190160,LGOTA GRNA,2020,12,18,2.2,,.0,8,.0,8,7.7,
250190160,LGOTA GRNA,2020,12,19,1.1,,.0,8,.0,8,8.0,
250190160,LGOTA GRNA,2020,12,20,.9,,.0,8,.0,8,8.0,
250190160,LGOTA GRNA,2020,12,21,1.0,,.0,8,.0,8,8.0,
250190160,LGOTA GRNA,2020,12,22,2.3,,.0,8,.0,8,8.0,
250190160,LGOTA GRNA,2020,12,23,6.3,,.0,8,.0,8,8.0,
250190160,LGOTA GRNA,2020,12,24,6.4,,.0,8,.0,8,8.0,
250190160,LGOTA GRNA,2020,12,25,1.9,,.0,8,.0,8,8.0,
250190160,LGOTA GRNA,2020,12,26,-.7,,.0,8,.0,8,8.0,
250190160,LGOTA GRNA,2020,12,27,-2.7,,.0,8,.0,8,6.7,
250190160,LGOTA GRNA,2020,12,28,2.2,,.0,8,.0,8,8.0,
250190160,LGOTA GRNA,2020,12,29,4.2,,.0,8,.0,8,6.0,
250190160,LGOTA GRNA,2020,12,30,2.5,,.0,8,.0,8,8.0,
250190160,LGOTA GRNA,2020,12,31,-1.5,,.0,8,.0,8,8.0,
250190390,KRAKW-OBSERWATORIUM,2020,12,01,-1.0,,76.3,,.7,,.3,
250190390,KRAKW-OBSERWATORIUM,2020,12,02,-3.9,,88.0,,1.0,,8.0,
250190390,KRAKW-OBSERWATORIUM,2020,12,03,-3.6,,87.5,,1.0,,6.7,
250190390,KRAKW-OBSERWATORIUM,2020,12,04,2.6,,82.0,,1.7,,4.7,
250190390,KRAKW-OBSERWATORIUM,2020,12,05,7.2,,79.8,,1.0,,6.3,
250190390,KRAKW-OBSERWATORIUM,2020,12,06,5.2,,82.5,,2.0,,3.7,
250190390,KRAKW-OBSERWATORIUM,2020,12,07,2.4,,85.3,,3.3,,6.7,
250190390,KRAKW-OBSERWATORIUM,2020,12,08,.2,,85.3,,2.0,,5.0,
250190390,KRAKW-OBSERWATORIUM,2020,12,09,-1.4,,92.8,,3.7,,8.0,
250190390,KRAKW-OBSERWATORIUM,2020,12,10,-1.2,,90.8,,2.0,,8.0,
250190390,KRAKW-OBSERWATORIUM,2020,12,11,-.8,,98.8,,1.3,,8.0,
250190390,KRAKW-OBSERWATORIUM,2020,12,12,.7,,96.0,,1.3,,8.0,
250190390,KRAKW-OBSERWATORIUM,2020,12,13,.7,,96.5,,1.0,,8.0,
250190390,KRAKW-OBSERWATORIUM,2020,12,14,1.2,,88.5,,1.0,,8.0,
250190390,KRAKW-OBSERWATORIUM,2020,12,15,-.9,,94.3,,1.0,,8.0,
250190390,KRAKW-OBSERWATORIUM,2020,12,16,1.2,,90.0,,.7,,7.0,
250190390,KRAKW-OBSERWATORIUM,2020,12,17,1.8,,89.8,,.7,,6.0,
250190390,KRAKW-OBSERWATORIUM,2020,12,18,2.8,,88.8,,1.7,,5.0,
250190390,KRAKW-OBSERWATORIUM,2020,12,19,-.7,,98.5,,.3,,8.0,
250190390,KRAKW-OBSERWATORIUM,2020,12,20,-1.8,,98.5,,.7,,8.0,
250190390,KRAKW-OBSERWATORIUM,2020,12,21,-.9,,94.8,,1.0,,6.3,
250190390,KRAKW-OBSERWATORIUM,2020,12,22,1.7,,93.8,,.7,,7.7,
250190390,KRAKW-OBSERWATORIUM,2020,12,23,7.1,,95.0,,.7,,8.0,
250190390,KRAKW-OBSERWATORIUM,2020,12,24,6.2,,94.0,,1.3,,6.0,
250190390,KRAKW-OBSERWATORIUM,2020,12,25,3.9,,82.0,,1.0,,8.0,
250190390,KRAKW-OBSERWATORIUM,2020,12,26,.7,,79.0,,2.3,,5.0,
250190390,KRAKW-OBSERWATORIUM,2020,12,27,-2.4,,77.3,,2.0,,2.0,
250190390,KRAKW-OBSERWATORIUM,2020,12,28,4.1,,68.5,,2.0,,5.7,
250190390,KRAKW-OBSERWATORIUM,2020,12,29,6.4,,64.5,,1.3,,5.0,
250190390,KRAKW-OBSERWATORIUM,2020,12,30,3.7,,95.0,,.7,,7.7,
250190390,KRAKW-OBSERWATORIUM,2020,12,31,1.5,,94.5,,.3,,7.7,
250200230,BORUSOWA,2020,12,01,-.5,,.0,8,2.0,,4.3,
250200230,BORUSOWA,2020,12,02,-3.9,,.0,8,1.7,,7.3,
250200230,BORUSOWA,2020,12,03,-2.5,,.0,8,2.7,,4.3,
250200230,BORUSOWA,2020,12,04,4.1,,.0,8,4.7,,5.0,
250200230,BORUSOWA,2020,12,05,8.6,,.0,8,4.3,,4.0,
250200230,BORUSOWA,2020,12,06,4.8,,.0,8,5.7,,5.7,
250200230,BORUSOWA,2020,12,07,.2,,.0,8,4.7,,5.7,
250200230,BORUSOWA,2020,12,08,-.9,,.0,8,3.7,,6.0,
250200230,BORUSOWA,2020,12,09,-1.9,,.0,8,4.3,,8.0,
250200230,BORUSOWA,2020,12,10,-.6,,.0,8,2.0,,8.0,
250200230,BORUSOWA,2020,12,11,.5,,.0,8,1.0,,8.0,
250200230,BORUSOWA,2020,12,12,1.2,,.0,8,2.7,,7.3,
250200230,BORUSOWA,2020,12,13,1.3,,.0,8,.0,,8.0,
250200230,BORUSOWA,2020,12,14,.5,,.0,8,.0,,8.0,
250200230,BORUSOWA,2020,12,15,.6,,.0,8,1.0,,7.3,
250200230,BORUSOWA,2020,12,16,.8,,.0,8,1.3,,5.0,
250200230,BORUSOWA,2020,12,17,.7,,.0,8,1.0,,6.0,
250200230,BORUSOWA,2020,12,18,1.9,,.0,8,2.3,,8.0,
250200230,BORUSOWA,2020,12,19,-1.9,,.0,8,.3,,8.0,
250200230,BORUSOWA,2020,12,20,-1.5,,.0,8,1.3,,8.0,
250200230,BORUSOWA,2020,12,21,-1.2,,.0,8,.3,,8.0,
250200230,BORUSOWA,2020,12,22,.8,,.0,8,2.3,,8.0,
250200230,BORUSOWA,2020,12,23,6.3,,.0,8,1.7,,8.0,
250200230,BORUSOWA,2020,12,24,6.2,,.0,8,3.3,,8.0,
250200230,BORUSOWA,2020,12,25,3.8,,.0,8,2.0,,8.0,
250200230,BORUSOWA,2020,12,26,.7,,.0,8,4.0,,8.0,
250200230,BORUSOWA,2020,12,27,-1.5,,.0,8,3.0,,3.0,
250200230,BORUSOWA,2020,12,28,4.9,,.0,8,5.7,,6.3,
250200230,BORUSOWA,2020,12,29,6.9,,.0,8,6.0,,2.0,
250200230,BORUSOWA,2020,12,30,3.9,,.0,8,1.7,,7.0,
250200230,BORUSOWA,2020,12,31,.6,,.0,8,.7,,8.0,
250210050,WITY KRZY,2020,12,01,-3.5,,97.5,,2.0,,8.0,
250210050,WITY KRZY,2020,12,02,-5.1,,95.8,,2.7,,8.0,
250210050,WITY KRZY,2020,12,03,-4.7,,97.0,,2.3,,6.0,
250210050,WITY KRZY,2020,12,04,-.5,,95.3,,7.3,,7.7,
250210050,WITY KRZY,2020,12,05,4.3,,86.0,,9.0,,6.0,
250210050,WITY KRZY,2020,12,06,1.5,,98.0,,4.0,,8.0,
250210050,WITY KRZY,2020,12,07,-3.0,,97.0,,5.3,,5.7,
250210050,WITY KRZY,2020,12,08,-4.6,,96.5,,3.3,,7.0,
250210050,WITY KRZY,2020,12,09,-4.8,,96.5,,4.7,,8.0,
250210050,WITY KRZY,2020,12,10,-3.2,,97.8,,2.7,,8.0,
250210050,WITY KRZY,2020,12,11,-1.2,,98.0,,1.0,,8.0,
250210050,WITY KRZY,2020,12,12,-.4,,98.0,,1.3,,8.0,
250210050,WITY KRZY,2020,12,13,-1.6,,98.0,,.3,,8.0,
250210050,WITY KRZY,2020,12,14,-2.3,,97.8,,1.0,,8.0,
250210050,WITY KRZY,2020,12,15,-1.2,,98.0,,1.0,,4.3,
250210050,WITY KRZY,2020,12,16,-.4,,98.0,,2.0,,7.7,
250210050,WITY KRZY,2020,12,17,.7,,98.0,,4.0,,7.3,
250210050,WITY KRZY,2020,12,18,1.1,,97.5,,6.0,,7.7,
250210050,WITY KRZY,2020,12,19,.3,,98.0,,5.0,,4.7,
250210050,WITY KRZY,2020,12,20,-1.3,,98.8,,6.0,,7.3,
250210050,WITY KRZY,2020,12,21,-1.2,,98.5,,1.7,,6.3,
250210050,WITY KRZY,2020,12,22,.3,,98.5,,6.0,,8.0,
250210050,WITY KRZY,2020,12,23,4.4,,98.0,,2.7,,8.0,
250210050,WITY KRZY,2020,12,24,5.0,,98.3,,5.0,,8.0,
250210050,WITY KRZY,2020,12,25,.4,,98.0,,4.0,,7.7,
250210050,WITY KRZY,2020,12,26,-2.3,,97.8,,2.7,,6.7,
250210050,WITY KRZY,2020,12,27,-4.9,,96.3,,7.7,,1.0,
250210050,WITY KRZY,2020,12,28,-.3,,96.3,,6.3,,8.0,
250210050,WITY KRZY,2020,12,29,3.0,,88.0,,7.0,,5.7,
250210050,WITY KRZY,2020,12,30,2.6,,96.5,,5.0,,6.3,
250210050,WITY KRZY,2020,12,31,-.1,,98.0,,5.0,,8.0,
250210130,STASZW,2020,12,01,-1.5,,.0,8,2.3,,7.7,
250210130,STASZW,2020,12,02,-3.4,,.0,8,2.7,,5.3,
250210130,STASZW,2020,12,03,-2.6,,.0,8,3.7,,3.0,
250210130,STASZW,2020,12,04,1.7,,.0,8,3.7,,4.7,
250210130,STASZW,2020,12,05,5.6,,.0,8,4.0,,3.7,
250210130,STASZW,2020,12,06,3.8,,.0,8,6.3,,7.7,
250210130,STASZW,2020,12,07,-.5,,.0,8,5.0,,4.0,
250210130,STASZW,2020,12,08,-1.7,,.0,8,4.3,,8.0,
250210130,STASZW,2020,12,09,-2.3,,.0,8,4.3,,8.0,
250210130,STASZW,2020,12,10,-1.0,,.0,8,3.0,,8.0,
250210130,STASZW,2020,12,11,.8,,.0,8,1.3,,8.0,
250210130,STASZW,2020,12,12,1.6,,.0,8,3.0,,8.0,
250210130,STASZW,2020,12,13,.5,,.0,8,.7,,8.0,
250210130,STASZW,2020,12,14,-.3,,.0,8,1.3,,8.0,
250210130,STASZW,2020,12,15,.9,,.0,8,2.0,,6.7,
250210130,STASZW,2020,12,16,.7,,.0,8,1.0,,6.7,
250210130,STASZW,2020,12,17,3.0,,.0,8,1.7,,6.3,
250210130,STASZW,2020,12,18,2.3,,.0,8,1.0,,8.0,
250210130,STASZW,2020,12,19,.2,,.0,8,1.0,,8.0,
250210130,STASZW,2020,12,20,-1.1,,.0,8,1.7,,8.0,
250210130,STASZW,2020,12,21,-.9,,.0,8,.7,,8.0,
250210130,STASZW,2020,12,22,.8,,.0,8,2.0,,7.0,
250210130,STASZW,2020,12,23,6.0,,.0,8,1.7,,8.0,
250210130,STASZW,2020,12,24,5.6,,.0,8,2.0,,7.7,
250210130,STASZW,2020,12,25,3.0,,.0,8,1.7,,8.0,
250210130,STASZW,2020,12,26,-.1,,.0,8,2.3,,7.7,
250210130,STASZW,2020,12,27,-3.2,,.0,8,3.0,,1.0,
250210130,STASZW,2020,12,28,2.4,,.0,8,4.7,,7.3,
250210130,STASZW,2020,12,29,6.5,,.0,8,4.7,,5.7,
250210130,STASZW,2020,12,30,3.8,,.0,8,.7,,8.0,
250210130,STASZW,2020,12,31,2.0,,.0,8,1.0,,8.0,
250210180,CHORZELW,2020,12,01,-1.0,,84.8,,3.0,,5.0,
250210180,CHORZELW,2020,12,02,-3.2,,80.3,,2.0,,2.7,
250210180,CHORZELW,2020,12,03,-3.0,,80.0,,3.3,,5.0,
250210180,CHORZELW,2020,12,04,2.6,,80.8,,4.7,,4.3,
250210180,CHORZELW,2020,12,05,6.1,,76.8,,4.0,,3.0,
250210180,CHORZELW,2020,12,06,4.0,,89.3,,5.7,,6.0,
250210180,CHORZELW,2020,12,07,-.1,,79.8,,5.7,,5.3,
250210180,CHORZELW,2020,12,08,-1.2,,85.0,,4.0,,7.7,
250210180,CHORZELW,2020,12,09,-2.2,,80.8,,3.7,,8.0,
250210180,CHORZELW,2020,12,10,-.5,,91.0,,3.0,,8.0,
250210180,CHORZELW,2020,12,11,1.3,,91.3,,1.7,,8.0,
250210180,CHORZELW,2020,12,12,1.4,,94.8,,3.0,,8.0,
250210180,CHORZELW,2020,12,13,.9,,95.5,,1.0,,8.0,
250210180,CHORZELW,2020,12,14,.3,,95.5,,1.3,,8.0,
250210180,CHORZELW,2020,12,15,-.6,,85.5,,2.0,,1.3,
250210180,CHORZELW,2020,12,16,.1,,84.0,,1.0,,3.7,
250210180,CHORZELW,2020,12,17,1.4,,89.5,,1.3,,6.3,
250210180,CHORZELW,2020,12,18,3.1,,90.0,,1.0,,7.7,
250210180,CHORZELW,2020,12,19,-1.2,,96.8,,1.0,,6.7,
250210180,CHORZELW,2020,12,20,-1.8,,92.0,,2.0,,7.3,
250210180,CHORZELW,2020,12,21,-1.4,,91.0,,.7,,7.3,
250210180,CHORZELW,2020,12,22,1.0,,88.3,,2.0,,7.0,
250210180,CHORZELW,2020,12,23,5.5,,96.5,,1.3,,7.7,
250210180,CHORZELW,2020,12,24,6.3,,96.0,,2.0,,7.3,
250210180,CHORZELW,2020,12,25,3.8,,86.8,,2.3,,7.3,
250210180,CHORZELW,2020,12,26,.2,,86.5,,2.0,,5.7,
250210180,CHORZELW,2020,12,27,-1.7,,76.5,,3.0,,.7,
250210180,CHORZELW,2020,12,28,3.7,,76.5,,4.3,,6.0,
250210180,CHORZELW,2020,12,29,7.2,,70.8,,3.3,,5.7,
250210180,CHORZELW,2020,12,30,5.4,,86.8,,2.0,,8.0,
250210180,CHORZELW,2020,12,31,2.7,,96.0,,1.3,,8.0,
250210240,ZAWADA,2020,12,01,-.8,,.0,8,3.0,,5.3,
250210240,ZAWADA,2020,12,02,-3.1,,.0,8,2.3,,5.0,
250210240,ZAWADA,2020,12,03,-2.7,,.0,8,3.0,,5.0,
250210240,ZAWADA,2020,12,04,3.6,,.0,8,3.0,,6.0,
250210240,ZAWADA,2020,12,05,6.0,,.0,8,3.7,,6.3,
250210240,ZAWADA,2020,12,06,3.6,,.0,8,5.0,,5.7,
250210240,ZAWADA,2020,12,07,.3,,.0,8,5.3,,6.3,
250210240,ZAWADA,2020,12,08,-.6,,.0,8,4.0,,5.0,
250210240,ZAWADA,2020,12,09,-1.9,,.0,8,4.3,,5.7,
250210240,ZAWADA,2020,12,10,-.7,,.0,8,3.0,,5.7,
250210240,ZAWADA,2020,12,11,.8,,.0,8,2.7,,7.0,
250210240,ZAWADA,2020,12,12,1.2,,.0,8,3.0,,6.7,
250210240,ZAWADA,2020,12,13,.7,,.0,8,.7,,6.3,
250210240,ZAWADA,2020,12,14,.3,,.0,8,.7,,6.0,
250210240,ZAWADA,2020,12,15,.4,,.0,8,1.7,,6.0,
250210240,ZAWADA,2020,12,16,1.5,,.0,8,1.0,,5.7,
250210240,ZAWADA,2020,12,17,-.5,,.0,8,.7,,5.3,
250210240,ZAWADA,2020,12,18,3.7,,.0,8,2.3,,6.3,
250210240,ZAWADA,2020,12,19,2.9,,.0,8,.7,,6.0,
250210240,ZAWADA,2020,12,20,-2.6,,.0,8,2.0,,5.3,
250210240,ZAWADA,2020,12,21,-1.1,,.0,8,1.3,,6.3,
250210240,ZAWADA,2020,12,22,2.9,,.0,8,3.7,,7.3,
250210240,ZAWADA,2020,12,23,5.3,,.0,8,3.7,,8.0,
250210240,ZAWADA,2020,12,24,6.6,,.0,8,4.3,,8.0,
250210240,ZAWADA,2020,12,25,4.0,,.0,8,3.3,,6.7,
250210240,ZAWADA,2020,12,26,.7,,.0,8,3.0,,7.3,
250210240,ZAWADA,2020,12,27,-1.4,,.0,8,3.7,,6.7,
250210240,ZAWADA,2020,12,28,4.5,,.0,8,5.0,,6.3,
250210240,ZAWADA,2020,12,29,7.5,,.0,8,5.7,,5.7,
250210240,ZAWADA,2020,12,30,5.7,,.0,8,2.7,,7.0,
250210240,ZAWADA,2020,12,31,2.8,,.0,8,1.0,,7.0,
250220120,JAROCIN,2020,12,01,-2.8,,.0,8,2.3,,5.0,
250220120,JAROCIN,2020,12,02,-2.0,,.0,8,2.7,,3.3,
250220120,JAROCIN,2020,12,03,-1.0,,.0,8,4.0,,5.7,
250220120,JAROCIN,2020,12,04,1.8,,.0,8,4.7,,7.0,
250220120,JAROCIN,2020,12,05,6.1,,.0,8,3.3,,1.0,
250220120,JAROCIN,2020,12,06,3.9,,.0,8,5.7,,8.0,
250220120,JAROCIN,2020,12,07,.2,,.0,8,5.3,,6.7,
250220120,JAROCIN,2020,12,08,-1.6,,.0,8,5.0,,8.0,
250220120,JAROCIN,2020,12,09,-1.7,,.0,8,4.3,,8.0,
250220120,JAROCIN,2020,12,10,-.2,,.0,8,3.0,,8.0,
250220120,JAROCIN,2020,12,11,1.7,,.0,8,1.3,,8.0,
250220120,JAROCIN,2020,12,12,2.5,,.0,8,3.3,,8.0,
250220120,JAROCIN,2020,12,13,1.1,,.0,8,.7,,8.0,
250220120,JAROCIN,2020,12,14,.8,,.0,8,1.0,,8.0,
250220120,JAROCIN,2020,12,15,.4,,.0,8,2.0,,8.0,
250220120,JAROCIN,2020,12,16,.6,,.0,8,1.3,,5.7,
250220120,JAROCIN,2020,12,17,1.7,,.0,8,1.0,,8.0,
250220120,JAROCIN,2020,12,18,3.5,,.0,8,2.3,,8.0,
250220120,JAROCIN,2020,12,19,.4,,.0,8,1.0,,3.3,
250220120,JAROCIN,2020,12,20,-1.4,,.0,8,2.7,,8.0,
250220120,JAROCIN,2020,12,21,-1.0,,.0,8,1.7,,5.7,
250220120,JAROCIN,2020,12,22,1.6,,.0,8,2.7,,8.0,
250220120,JAROCIN,2020,12,23,5.4,,.0,8,1.7,,8.0,
250220120,JAROCIN,2020,12,24,6.1,,.0,8,3.0,,8.0,
250220120,JAROCIN,2020,12,25,3.8,,.0,8,2.3,,8.0,
250220120,JAROCIN,2020,12,26,.0,,.0,8,3.0,,7.0,
250220120,JAROCIN,2020,12,27,-2.7,,.0,8,2.7,,1.0,
250220120,JAROCIN,2020,12,28,3.5,,.0,8,4.0,,8.0,
250220120,JAROCIN,2020,12,29,7.7,,.0,8,5.0,,5.0,
250220120,JAROCIN,2020,12,30,5.5,,.0,8,1.7,,8.0,
250220120,JAROCIN,2020,12,31,3.2,,.0,8,1.0,,8.0,
250230160,CIESZANW,2020,12,01,-2.9,,88.8,,2.7,,4.3,
250230160,CIESZANW,2020,12,02,-3.7,,85.5,,2.0,,5.3,
250230160,CIESZANW,2020,12,03,-1.0,,92.8,,4.3,,7.7,
250230160,CIESZANW,2020,12,04,1.2,,89.5,,3.3,,7.3,
250230160,CIESZANW,2020,12,05,5.2,,90.0,,3.0,,6.7,
250230160,CIESZANW,2020,12,06,3.0,,89.8,,5.3,,8.0,
250230160,CIESZANW,2020,12,07,-.6,,81.0,,5.7,,6.7,
250230160,CIESZANW,2020,12,08,-2.3,,82.3,,4.0,,8.0,
250230160,CIESZANW,2020,12,09,-2.3,,86.3,,5.0,,8.0,
250230160,CIESZANW,2020,12,10,-.6,,92.0,,3.7,,8.0,
250230160,CIESZANW,2020,12,11,2.0,,92.5,,1.7,,8.0,
250230160,CIESZANW,2020,12,12,1.8,,93.0,,3.3,,8.0,
250230160,CIESZANW,2020,12,13,.7,,93.8,,1.7,,8.0,
250230160,CIESZANW,2020,12,14,.8,,95.0,,2.3,,8.0,
250230160,CIESZANW,2020,12,15,1.0,,94.0,,3.0,,8.0,
250230160,CIESZANW,2020,12,16,.2,,98.3,,2.3,,8.0,
250230160,CIESZANW,2020,12,17,1.6,,95.5,,2.3,,8.0,
250230160,CIESZANW,2020,12,18,2.9,,95.5,,2.7,,8.0,
250230160,CIESZANW,2020,12,19,.2,,98.3,,1.3,,6.0,
250230160,CIESZANW,2020,12,20,.1,,94.8,,3.3,,8.0,
250230160,CIESZANW,2020,12,21,-.4,,91.3,,2.3,,8.0,
250230160,CIESZANW,2020,12,22,1.7,,88.3,,5.3,,7.7,
250230160,CIESZANW,2020,12,23,4.5,,92.5,,3.7,,8.0,
250230160,CIESZANW,2020,12,24,6.0,,94.5,,4.7,,8.0,
250230160,CIESZANW,2020,12,25,3.6,,84.8,,4.3,,7.3,
250230160,CIESZANW,2020,12,26,.5,,83.3,,3.7,,6.3,
250230160,CIESZANW,2020,12,27,-1.3,,90.0,,4.3,,4.0,
250230160,CIESZANW,2020,12,28,3.3,,87.8,,5.7,,6.7,
250230160,CIESZANW,2020,12,29,6.4,,72.8,,7.0,,6.3,
250230160,CIESZANW,2020,12,30,4.0,,82.3,,1.7,,8.0,
250230160,CIESZANW,2020,12,31,3.1,,94.0,,1.0,,8.0,
250240010,STRZYW,2020,12,01,-2.8,,.0,8,.0,8,2.7,
250240010,STRZYW,2020,12,02,-1.8,,.0,8,.0,8,3.0,
250240010,STRZYW,2020,12,03,-.5,,.0,8,.0,8,3.3,
250240010,STRZYW,2020,12,04,2.4,,.0,8,.0,8,3.0,
250240010,STRZYW,2020,12,05,5.3,,.0,8,.0,8,3.3,
250240010,STRZYW,2020,12,06,2.7,,.0,8,.0,8,2.7,
250240010,STRZYW,2020,12,07,-2.0,,.0,8,.0,8,3.3,
250240010,STRZYW,2020,12,08,-2.5,,.0,8,.0,8,3.3,
250240010,STRZYW,2020,12,09,-2.5,,.0,8,.0,8,2.7,
250240010,STRZYW,2020,12,10,-.7,,.0,8,.0,8,4.0,
250240010,STRZYW,2020,12,11,2.2,,.0,8,.0,8,3.3,
250240010,STRZYW,2020,12,12,1.0,,.0,8,.0,8,6.3,
250240010,STRZYW,2020,12,13,-.2,,.0,8,.0,8,4.0,
250240010,STRZYW,2020,12,14,.4,,.0,8,.0,8,7.0,
250240010,STRZYW,2020,12,15,1.1,,.0,8,.0,8,3.3,
250240010,STRZYW,2020,12,16,1.4,,.0,8,.0,8,3.7,
250240010,STRZYW,2020,12,17,2.2,,.0,8,.0,8,6.7,
250240010,STRZYW,2020,12,18,2.8,,.0,8,.0,8,3.7,
250240010,STRZYW,2020,12,19,2.2,,.0,8,.0,8,5.7,
250240010,STRZYW,2020,12,20,-.3,,.0,8,.0,8,3.3,
250240010,STRZYW,2020,12,21,1.0,,.0,8,.0,8,3.0,
250240010,STRZYW,2020,12,22,1.4,,.0,8,.0,8,3.7,
250240010,STRZYW,2020,12,23,4.6,,.0,8,.0,8,3.3,
250240010,STRZYW,2020,12,24,5.1,,.0,8,.0,8,7.7,
250240010,STRZYW,2020,12,25,3.2,,.0,8,.0,8,7.0,
250240010,STRZYW,2020,12,26,.7,,.0,8,.0,8,3.0,
250240010,STRZYW,2020,12,27,-1.9,,.0,8,.0,8,1.7,
250240010,STRZYW,2020,12,28,2.9,,.0,8,.0,8,3.7,
250240010,STRZYW,2020,12,29,6.5,,.0,8,.0,8,2.0,
250240010,STRZYW,2020,12,30,3.3,,.0,8,.0,8,5.3,
250240010,STRZYW,2020,12,31,3.6,,.0,8,.0,8,7.7,
251150060,CEBER,2020,12,01,.4,,.0,8,.0,8,6.3,
251150060,CEBER,2020,12,02,-.5,,.0,8,.0,8,4.0,
251150060,CEBER,2020,12,03,-1.7,,.0,8,.0,8,7.0,
251150060,CEBER,2020,12,04,1.9,,.0,8,.0,8,7.7,
251150060,CEBER,2020,12,05,7.0,,.0,8,.0,8,4.3,
251150060,CEBER,2020,12,06,7.8,,.0,8,.0,8,4.7,
251150060,CEBER,2020,12,07,5.2,,.0,8,.0,8,7.7,
251150060,CEBER,2020,12,08,2.3,,.0,8,.0,8,2.7,
251150060,CEBER,2020,12,09,.4,,.0,8,.0,8,8.0,
251150060,CEBER,2020,12,10,-.9,,.0,8,.0,8,8.0,
251150060,CEBER,2020,12,11,.2,,.0,8,.0,8,8.0,
251150060,CEBER,2020,12,12,.8,,.0,8,.0,8,8.0,
251150060,CEBER,2020,12,13,2.6,,.0,8,.0,8,8.0,
251150060,CEBER,2020,12,14,3.9,,.0,8,.0,8,4.7,
251150060,CEBER,2020,12,15,.8,,.0,8,.0,8,5.3,
251150060,CEBER,2020,12,16,5.2,,.0,8,.0,8,8.0,
251150060,CEBER,2020,12,17,3.9,,.0,8,.0,8,4.0,
251150060,CEBER,2020,12,18,3.4,,.0,8,.0,8,4.7,
251150060,CEBER,2020,12,19,-1.1,,.0,8,.0,8,8.0,
251150060,CEBER,2020,12,20,-1.3,,.0,8,.0,8,2.7,
251150060,CEBER,2020,12,21,1.3,,.0,8,.0,8,5.0,
251150060,CEBER,2020,12,22,6.0,,.0,8,.0,8,7.7,
251150060,CEBER,2020,12,23,8.1,,.0,8,.0,8,8.0,
251150060,CEBER,2020,12,24,7.6,,.0,8,.0,8,6.3,
251150060,CEBER,2020,12,25,2.7,,.0,8,.0,8,8.0,
251150060,CEBER,2020,12,26,1.5,,.0,8,.0,8,6.3,
251150060,CEBER,2020,12,27,-.2,,.0,8,.0,8,4.3,
251150060,CEBER,2020,12,28,2.6,,.0,8,.0,8,8.0,
251150060,CEBER,2020,12,29,4.0,,.0,8,.0,8,7.7,
251150060,CEBER,2020,12,30,1.4,,.0,8,.0,8,4.0,
251150060,CEBER,2020,12,31,1.9,,.0,8,.0,8,2.0,
251160320,RADZY,2020,12,01,1.0,,86.5,,1.3,,6.7,
251160320,RADZY,2020,12,02,-1.0,,89.8,,2.3,,2.7,
251160320,RADZY,2020,12,03,-1.6,,92.5,,2.0,,8.0,
251160320,RADZY,2020,12,04,2.5,,82.0,,3.0,,6.3,
251160320,RADZY,2020,12,05,7.6,,77.3,,2.3,,5.3,
251160320,RADZY,2020,12,06,9.2,,72.0,,4.0,,5.3,
251160320,RADZY,2020,12,07,5.5,,83.3,,3.7,,7.3,
251160320,RADZY,2020,12,08,2.7,,87.0,,3.3,,4.0,
251160320,RADZY,2020,12,09,.7,,92.0,,4.0,,8.0,
251160320,RADZY,2020,12,10,-.8,,95.0,,2.7,,8.0,
251160320,RADZY,2020,12,11,-.3,,92.8,,1.7,,8.0,
251160320,RADZY,2020,12,12,1.0,,94.0,,2.7,,8.0,
251160320,RADZY,2020,12,13,2.8,,91.5,,1.0,,8.0,
251160320,RADZY,2020,12,14,3.7,,93.5,,1.3,,5.3,
251160320,RADZY,2020,12,15,.8,,93.8,,.3,,4.7,
251160320,RADZY,2020,12,16,5.4,,88.3,,1.0,,8.0,
251160320,RADZY,2020,12,17,4.7,,88.3,,1.7,,5.3,
251160320,RADZY,2020,12,18,2.5,,91.5,,1.3,,3.7,
251160320,RADZY,2020,12,19,-1.0,,98.5,,1.3,,8.0,
251160320,RADZY,2020,12,20,-1.4,,95.0,,.7,,4.0,
251160320,RADZY,2020,12,21,1.0,,94.3,,1.0,,5.7,
251160320,RADZY,2020,12,22,5.6,,93.8,,2.7,,7.7,
251160320,RADZY,2020,12,23,7.5,,92.8,,1.0,,7.7,
251160320,RADZY,2020,12,24,7.4,,80.8,,3.0,,6.0,
251160320,RADZY,2020,12,25,2.8,,88.0,,2.0,,7.7,
251160320,RADZY,2020,12,26,1.0,,77.8,,2.3,,6.3,
251160320,RADZY,2020,12,27,.5,,68.5,,4.3,,5.7,
251160320,RADZY,2020,12,28,3.2,,74.3,,3.3,,7.3,
251160320,RADZY,2020,12,29,4.3,,81.3,,1.3,,7.0,
251160320,RADZY,2020,12,30,1.0,,82.8,,.3,,4.0,
251160320,RADZY,2020,12,31,-.3,,89.3,,1.0,,.3,
251170090,SMOLICE,2020,12,01,.9,,.0,8,.0,8,7.0,
251170090,SMOLICE,2020,12,02,-2.5,,.0,8,.0,8,2.7,
251170090,SMOLICE,2020,12,03,-1.9,,.0,8,.0,8,8.0,
251170090,SMOLICE,2020,12,04,3.6,,.0,8,.0,8,7.7,
251170090,SMOLICE,2020,12,05,8.4,,.0,8,.0,8,7.7,
251170090,SMOLICE,2020,12,06,10.2,,.0,8,.0,8,5.7,
251170090,SMOLICE,2020,12,07,4.6,,.0,8,.0,8,7.7,
251170090,SMOLICE,2020,12,08,1.5,,.0,8,.0,8,6.7,
251170090,SMOLICE,2020,12,09,-.1,,.0,8,.0,8,8.0,
251170090,SMOLICE,2020,12,10,-1.3,,.0,8,.0,8,8.0,
251170090,SMOLICE,2020,12,11,.0,,.0,8,.0,8,6.0,
251170090,SMOLICE,2020,12,12,1.1,,.0,8,.0,8,8.0,
251170090,SMOLICE,2020,12,13,1.3,,.0,8,.0,8,8.0,
251170090,SMOLICE,2020,12,14,3.6,,.0,8,.0,8,6.7,
251170090,SMOLICE,2020,12,15,1.7,,.0,8,.0,8,6.7,
251170090,SMOLICE,2020,12,16,4.6,,.0,8,.0,8,8.0,
251170090,SMOLICE,2020,12,17,3.7,,.0,8,.0,8,4.0,
251170090,SMOLICE,2020,12,18,2.9,,.0,8,.0,8,5.0,
251170090,SMOLICE,2020,12,19,1.3,,.0,8,.0,8,3.7,
251170090,SMOLICE,2020,12,20,.2,,.0,8,.0,8,2.7,
251170090,SMOLICE,2020,12,21,1.1,,.0,8,.0,8,7.3,
251170090,SMOLICE,2020,12,22,4.6,,.0,8,.0,8,8.0,
251170090,SMOLICE,2020,12,23,7.4,,.0,8,.0,8,8.0,
251170090,SMOLICE,2020,12,24,7.9,,.0,8,.0,8,6.7,
251170090,SMOLICE,2020,12,25,3.2,,.0,8,.0,8,8.0,
251170090,SMOLICE,2020,12,26,.0,,.0,8,.0,8,5.0,
251170090,SMOLICE,2020,12,27,.0,,.0,8,.0,8,4.7,
251170090,SMOLICE,2020,12,28,3.2,,.0,8,.0,8,7.0,
251170090,SMOLICE,2020,12,29,3.9,,.0,8,.0,8,5.0,
251170090,SMOLICE,2020,12,30,1.1,,.0,8,.0,8,6.0,
251170090,SMOLICE,2020,12,31,.2,,.0,8,.0,8,2.3,
251190050,PUCZNIEW,2020,12,01,.0,8,.0,8,.0,8,.0,8
251190050,PUCZNIEW,2020,12,02,.0,8,.0,8,.0,8,.0,8
251190050,PUCZNIEW,2020,12,03,.0,8,.0,8,.0,8,.0,8
251190050,PUCZNIEW,2020,12,04,.0,8,.0,8,.0,8,.0,8
251190050,PUCZNIEW,2020,12,05,.0,8,.0,8,.0,8,.0,8
251190050,PUCZNIEW,2020,12,06,.0,8,.0,8,.0,8,.0,8
251190050,PUCZNIEW,2020,12,07,.0,8,.0,8,.0,8,.0,8
251190050,PUCZNIEW,2020,12,08,.0,8,.0,8,.0,8,.0,8
251190050,PUCZNIEW,2020,12,09,.0,8,.0,8,.0,8,.0,8
251190050,PUCZNIEW,2020,12,10,.0,8,.0,8,.0,8,.0,8
251190050,PUCZNIEW,2020,12,11,.0,8,.0,8,.0,8,.0,8
251190050,PUCZNIEW,2020,12,12,.0,8,.0,8,.0,8,.0,8
251190050,PUCZNIEW,2020,12,13,.0,8,.0,8,.0,8,.0,8
251190050,PUCZNIEW,2020,12,14,.0,8,.0,8,.0,8,.0,8
251190050,PUCZNIEW,2020,12,15,.0,8,.0,8,.0,8,.0,8
251190050,PUCZNIEW,2020,12,16,.0,8,.0,8,.0,8,.0,8
251190050,PUCZNIEW,2020,12,17,.0,8,.0,8,.0,8,.0,8
251190050,PUCZNIEW,2020,12,18,.0,8,.0,8,.0,8,.0,8
251190050,PUCZNIEW,2020,12,19,.0,8,.0,8,.0,8,.0,8
251190050,PUCZNIEW,2020,12,20,.0,8,.0,8,.0,8,.0,8
251190050,PUCZNIEW,2020,12,21,.0,8,.0,8,.0,8,.0,8
251190050,PUCZNIEW,2020,12,22,.0,8,.0,8,.0,8,.0,8
251190050,PUCZNIEW,2020,12,23,.0,8,.0,8,.0,8,.0,8
251190050,PUCZNIEW,2020,12,24,.0,8,.0,8,.0,8,.0,8
251190050,PUCZNIEW,2020,12,25,.0,8,.0,8,.0,8,.0,8
251190050,PUCZNIEW,2020,12,26,.0,8,.0,8,.0,8,.0,8
251190050,PUCZNIEW,2020,12,27,.0,8,.0,8,.0,8,.0,8
251190050,PUCZNIEW,2020,12,28,.0,8,.0,8,.0,8,.0,8
251190050,PUCZNIEW,2020,12,29,.0,8,.0,8,.0,8,.0,8
251190050,PUCZNIEW,2020,12,30,.0,8,.0,8,.0,8,.0,8
251190050,PUCZNIEW,2020,12,31,.0,8,.0,8,.0,8,.0,8
251200030,SKIERNIEWICE,2020,12,01,-1.4,,83.0,,2.7,,1.0,
251200030,SKIERNIEWICE,2020,12,02,-3.1,,82.8,,4.3,,8.0,
251200030,SKIERNIEWICE,2020,12,03,-1.2,,88.5,,4.3,,6.0,
251200030,SKIERNIEWICE,2020,12,04,2.2,,79.3,,5.0,,5.7,
251200030,SKIERNIEWICE,2020,12,05,7.1,,69.3,,6.7,,7.0,
251200030,SKIERNIEWICE,2020,12,06,4.9,,86.5,,7.7,,8.0,
251200030,SKIERNIEWICE,2020,12,07,1.1,,76.8,,9.0,,7.0,
251200030,SKIERNIEWICE,2020,12,08,-1.2,,81.3,,6.0,,7.3,
251200030,SKIERNIEWICE,2020,12,09,-2.0,,86.8,,6.7,,8.0,
251200030,SKIERNIEWICE,2020,12,10,-1.7,,92.5,,4.0,,8.0,
251200030,SKIERNIEWICE,2020,12,11,.1,,97.0,,2.3,,8.0,
251200030,SKIERNIEWICE,2020,12,12,2.3,,90.8,,5.0,,8.0,
251200030,SKIERNIEWICE,2020,12,13,1.2,,94.3,,2.0,,8.0,
251200030,SKIERNIEWICE,2020,12,14,1.1,,91.3,,1.7,,8.0,
251200030,SKIERNIEWICE,2020,12,15,.1,,96.5,,4.0,,8.0,
251200030,SKIERNIEWICE,2020,12,16,3.0,,88.0,,1.7,,8.0,
251200030,SKIERNIEWICE,2020,12,17,3.9,,94.3,,2.7,,8.0,
251200030,SKIERNIEWICE,2020,12,18,4.5,,88.3,,1.7,,8.0,
251200030,SKIERNIEWICE,2020,12,19,1.1,,99.0,,2.7,,8.0,
251200030,SKIERNIEWICE,2020,12,20,1.9,,94.0,,2.7,,8.0,
251200030,SKIERNIEWICE,2020,12,21,2.1,,91.0,,2.0,,8.0,
251200030,SKIERNIEWICE,2020,12,22,4.7,,87.3,,6.0,,8.0,
251200030,SKIERNIEWICE,2020,12,23,4.7,,84.5,,2.0,,6.0,
251200030,SKIERNIEWICE,2020,12,24,7.4,,83.5,,3.3,,5.7,
251200030,SKIERNIEWICE,2020,12,25,3.0,,84.3,,1.7,,8.0,
251200030,SKIERNIEWICE,2020,12,26,.5,,83.5,,2.7,,6.0,
251200030,SKIERNIEWICE,2020,12,27,-1.8,,74.3,,5.3,,3.0,
251200030,SKIERNIEWICE,2020,12,28,2.8,,78.0,,7.7,,5.0,
251200030,SKIERNIEWICE,2020,12,29,5.6,,75.0,,5.0,,5.7,
251200030,SKIERNIEWICE,2020,12,30,1.8,,95.3,,3.3,,8.0,
251200030,SKIERNIEWICE,2020,12,31,.8,,96.0,,1.3,,8.0,
251210040,JARCZEW,2020,12,01,-1.7,,90.3,,3.0,,4.7,
251210040,JARCZEW,2020,12,02,-2.8,,88.5,,4.0,,6.3,
251210040,JARCZEW,2020,12,03,-1.4,,88.5,,4.7,,3.0,
251210040,JARCZEW,2020,12,04,1.5,,87.5,,5.7,,6.3,
251210040,JARCZEW,2020,12,05,5.6,,88.8,,5.7,,6.3,
251210040,JARCZEW,2020,12,06,3.9,,85.5,,6.3,,8.0,
251210040,JARCZEW,2020,12,07,-.2,,77.3,,7.3,,5.7,
251210040,JARCZEW,2020,12,08,-2.2,,83.5,,6.0,,8.0,
251210040,JARCZEW,2020,12,09,-2.3,,87.0,,5.3,,8.0,
251210040,JARCZEW,2020,12,10,-1.1,,90.0,,4.3,,8.0,
251210040,JARCZEW,2020,12,11,1.2,,97.5,,2.7,,8.0,
251210040,JARCZEW,2020,12,12,1.1,,93.0,,4.3,,8.0,
251210040,JARCZEW,2020,12,13,.0,,96.3,,2.0,,8.0,
251210040,JARCZEW,2020,12,14,-.4,,97.3,,1.3,,8.0,
251210040,JARCZEW,2020,12,15,.8,,96.0,,2.3,,8.0,
251210040,JARCZEW,2020,12,16,2.0,,95.5,,2.3,,8.0,
251210040,JARCZEW,2020,12,17,3.6,,97.8,,2.7,,8.0,
251210040,JARCZEW,2020,12,18,3.0,,96.8,,1.7,,8.0,
251210040,JARCZEW,2020,12,19,.7,,96.0,,2.7,,8.0,
251210040,JARCZEW,2020,12,20,-.1,,98.0,,3.0,,8.0,
251210040,JARCZEW,2020,12,21,.5,,94.3,,2.7,,8.0,
251210040,JARCZEW,2020,12,22,1.8,,94.5,,3.7,,8.0,
251210040,JARCZEW,2020,12,23,4.0,,89.0,,2.3,,6.0,
251210040,JARCZEW,2020,12,24,5.3,,95.8,,3.7,,7.7,
251210040,JARCZEW,2020,12,25,3.1,,96.0,,3.7,,8.0,
251210040,JARCZEW,2020,12,26,.4,,91.8,,4.0,,8.0,
251210040,JARCZEW,2020,12,27,-1.7,,80.8,,3.7,,3.3,
251210040,JARCZEW,2020,12,28,3.0,,85.5,,5.7,,8.0,
251210040,JARCZEW,2020,12,29,6.0,,79.8,,4.3,,6.7,
251210040,JARCZEW,2020,12,30,5.2,,87.5,,1.7,,7.3,
251210040,JARCZEW,2020,12,31,2.6,,98.0,,1.3,,8.0,
251210120,PUAWY,2020,12,01,-1.8,,84.3,,3.3,,3.3,
251210120,PUAWY,2020,12,02,-2.5,,82.8,,3.3,,3.7,
251210120,PUAWY,2020,12,03,-1.3,,88.5,,2.7,,4.3,
251210120,PUAWY,2020,12,04,1.7,,85.3,,4.7,,7.0,
251210120,PUAWY,2020,12,05,6.2,,83.3,,4.7,,3.3,
251210120,PUAWY,2020,12,06,4.2,,87.5,,5.7,,8.0,
251210120,PUAWY,2020,12,07,.3,,79.0,,5.3,,5.7,
251210120,PUAWY,2020,12,08,-1.6,,87.5,,5.0,,8.0,
251210120,PUAWY,2020,12,09,-1.7,,87.8,,5.0,,8.0,
251210120,PUAWY,2020,12,10,-.3,,90.8,,2.7,,7.3,
251210120,PUAWY,2020,12,11,1.3,,98.0,,2.3,,8.0,
251210120,PUAWY,2020,12,12,1.9,,94.0,,3.0,,8.0,
251210120,PUAWY,2020,12,13,.7,,95.3,,1.7,,8.0,
251210120,PUAWY,2020,12,14,.2,,96.5,,.7,,8.0,
251210120,PUAWY,2020,12,15,1.4,,94.0,,2.7,,7.7,
251210120,PUAWY,2020,12,16,2.2,,94.5,,2.0,,7.7,
251210120,PUAWY,2020,12,17,3.8,,96.5,,2.7,,8.0,
251210120,PUAWY,2020,12,18,3.5,,97.5,,1.7,,7.7,
251210120,PUAWY,2020,12,19,1.5,,98.3,,2.0,,5.3,
251210120,PUAWY,2020,12,20,-1.0,,96.3,,2.3,,6.7,
251210120,PUAWY,2020,12,21,.8,,94.3,,2.7,,8.0,
251210120,PUAWY,2020,12,22,1.8,,92.5,,3.0,,6.3,
251210120,PUAWY,2020,12,23,4.4,,91.3,,2.0,,6.7,
251210120,PUAWY,2020,12,24,5.4,,95.3,,3.0,,8.0,
251210120,PUAWY,2020,12,25,3.6,,88.0,,1.7,,8.0,
251210120,PUAWY,2020,12,26,.7,,91.3,,2.7,,7.7,
251210120,PUAWY,2020,12,27,-1.8,,79.8,,3.0,,1.7,
251210120,PUAWY,2020,12,28,3.4,,84.3,,5.0,,7.7,
251210120,PUAWY,2020,12,29,6.6,,80.3,,5.0,,5.7,
251210120,PUAWY,2020,12,30,4.8,,92.3,,1.3,,7.7,
251210120,PUAWY,2020,12,31,2.9,,98.0,,1.3,,8.0,
252150120,GORZY,2020,12,01,1.8,,86.5,,.0,,6.3,
252150120,GORZY,2020,12,02,-.2,,90.8,,2.0,,7.0,
252150120,GORZY,2020,12,03,-1.3,,96.0,,1.3,,7.0,
252150120,GORZY,2020,12,04,1.5,,95.3,,1.3,,5.0,
252150120,GORZY,2020,12,05,4.3,,95.5,,1.3,,3.3,
252150120,GORZY,2020,12,06,6.6,,90.3,,7.0,,4.7,
252150120,GORZY,2020,12,07,4.6,,84.3,,7.0,,5.0,
252150120,GORZY,2020,12,08,2.7,,89.5,,7.0,,7.3,
252150120,GORZY,2020,12,09,.1,,90.3,,6.0,,7.0,
252150120,GORZY,2020,12,10,.3,,89.3,,3.7,,7.0,
252150120,GORZY,2020,12,11,-.2,,95.0,,1.3,,6.7,
252150120,GORZY,2020,12,12,1.3,,95.3,,.7,,6.3,
252150120,GORZY,2020,12,13,2.9,,96.3,,.7,,6.7,
252150120,GORZY,2020,12,14,4.5,,95.5,,.0,,6.7,
252150120,GORZY,2020,12,15,1.8,,89.3,,.7,,4.0,
252150120,GORZY,2020,12,16,5.0,,92.5,,.3,,7.0,
252150120,GORZY,2020,12,17,5.6,,91.0,,.3,,6.3,
252150120,GORZY,2020,12,18,4.0,,95.0,,1.7,,5.3,
252150120,GORZY,2020,12,19,.6,,97.3,,.3,,4.7,
252150120,GORZY,2020,12,20,.2,,96.3,,1.0,,2.7,
252150120,GORZY,2020,12,21,2.7,,96.0,,.7,,7.0,
252150120,GORZY,2020,12,22,6.9,,95.5,,3.7,,6.7,
252150120,GORZY,2020,12,23,5.4,,97.5,,.7,,5.3,
252150120,GORZY,2020,12,24,6.6,,86.5,,3.3,,5.3,
252150120,GORZY,2020,12,25,2.5,,92.0,,2.0,,6.7,
252150120,GORZY,2020,12,26,1.9,,91.5,,1.0,,6.0,
252150120,GORZY,2020,12,27,1.6,,70.0,,2.7,,5.0,
252150120,GORZY,2020,12,28,2.2,,93.5,,1.3,,5.7,
252150120,GORZY,2020,12,29,3.2,,89.3,,3.0,,6.0,
252150120,GORZY,2020,12,30,2.3,,82.0,,.3,,2.3,
252150120,GORZY,2020,12,31,1.3,,87.0,,.7,,2.7,
252150270,BABIMOST,2020,12,01,.5,,91.5,,1.7,,7.3,
252150270,BABIMOST,2020,12,02,-1.0,,.0,8,3.0,,7.7,
252150270,BABIMOST,2020,12,03,-1.6,,90.3,,2.3,,8.0,
252150270,BABIMOST,2020,12,04,.3,,93.0,,2.3,,5.0,
252150270,BABIMOST,2020,12,05,3.7,,84.5,,3.0,,4.7,
252150270,BABIMOST,2020,12,06,7.5,,73.0,,5.3,,5.0,
252150270,BABIMOST,2020,12,07,5.0,,85.3,,5.0,,7.3,
252150270,BABIMOST,2020,12,08,2.6,,90.3,,4.0,,6.3,
252150270,BABIMOST,2020,12,09,.2,,94.5,,5.3,,8.0,
252150270,BABIMOST,2020,12,10,-1.0,,97.5,,3.0,,8.0,
252150270,BABIMOST,2020,12,11,-.7,,93.3,,2.3,,6.7,
252150270,BABIMOST,2020,12,12,.9,,94.3,,3.3,,8.0,
252150270,BABIMOST,2020,12,13,2.7,,93.3,,1.0,,8.0,
252150270,BABIMOST,2020,12,14,3.4,,93.8,,1.7,,5.3,
252150270,BABIMOST,2020,12,15,-1.0,,96.5,,1.3,,6.7,
252150270,BABIMOST,2020,12,16,4.8,,92.5,,2.0,,8.0,
252150270,BABIMOST,2020,12,17,4.6,,89.8,,3.3,,2.0,
252150270,BABIMOST,2020,12,18,3.8,,88.0,,3.7,,3.0,
252150270,BABIMOST,2020,12,19,-1.3,,98.5,,2.0,,6.0,
252150270,BABIMOST,2020,12,20,-2.8,,97.0,,.7,,3.7,
252150270,BABIMOST,2020,12,21,.1,,96.8,,1.3,,3.3,
252150270,BABIMOST,2020,12,22,6.4,,93.5,,5.7,,7.7,
252150270,BABIMOST,2020,12,23,7.0,,89.5,,1.3,,7.7,
252150270,BABIMOST,2020,12,24,7.2,,82.0,,6.7,,6.0,
252150270,BABIMOST,2020,12,25,2.8,,87.3,,2.7,,8.0,
252150270,BABIMOST,2020,12,26,1.3,,.0,8,4.7,,6.0,
252150270,BABIMOST,2020,12,27,.4,,67.5,,4.0,,7.7,
252150270,BABIMOST,2020,12,28,2.4,,81.8,,3.7,,6.7,
252150270,BABIMOST,2020,12,29,3.5,,84.0,,4.3,,6.7,
252150270,BABIMOST,2020,12,30,-.5,,90.5,,1.3,,3.3,
252150270,BABIMOST,2020,12,31,-.9,,90.5,,1.3,,2.3,
252160230,WIELICHOWO,2020,12,01,1.3,,.0,8,.0,8,7.3,
252160230,WIELICHOWO,2020,12,02,-.9,,.0,8,.0,8,6.0,
252160230,WIELICHOWO,2020,12,03,-1.6,,.0,8,.0,8,7.7,
252160230,WIELICHOWO,2020,12,04,2.1,,.0,8,.0,8,5.7,
252160230,WIELICHOWO,2020,12,05,4.8,,.0,8,.0,8,4.3,
252160230,WIELICHOWO,2020,12,06,7.9,,.0,8,.0,8,3.7,
252160230,WIELICHOWO,2020,12,07,4.3,,.0,8,.0,8,6.7,
252160230,WIELICHOWO,2020,12,08,2.4,,.0,8,.0,8,6.7,
252160230,WIELICHOWO,2020,12,09,.2,,.0,8,.0,8,8.0,
252160230,WIELICHOWO,2020,12,10,-1.0,,.0,8,.0,8,8.0,
252160230,WIELICHOWO,2020,12,11,-.3,,.0,8,.0,8,8.0,
252160230,WIELICHOWO,2020,12,12,1.0,,.0,8,.0,8,8.0,
252160230,WIELICHOWO,2020,12,13,2.5,,.0,8,.0,8,8.0,
252160230,WIELICHOWO,2020,12,14,3.7,,.0,8,.0,8,3.3,
252160230,WIELICHOWO,2020,12,15,.7,,.0,8,.0,8,4.7,
252160230,WIELICHOWO,2020,12,16,4.1,,.0,8,.0,8,8.0,
252160230,WIELICHOWO,2020,12,17,5.4,,.0,8,.0,8,5.3,
252160230,WIELICHOWO,2020,12,18,2.9,,.0,8,.0,8,2.7,
252160230,WIELICHOWO,2020,12,19,-.4,,.0,8,.0,8,6.3,
252160230,WIELICHOWO,2020,12,20,-1.8,,.0,8,.0,8,1.3,
252160230,WIELICHOWO,2020,12,21,.8,,.0,8,.0,8,3.3,
252160230,WIELICHOWO,2020,12,22,5.9,,.0,8,.0,8,8.0,
252160230,WIELICHOWO,2020,12,23,6.4,,.0,8,.0,8,8.0,
252160230,WIELICHOWO,2020,12,24,7.3,,.0,8,.0,8,5.3,
252160230,WIELICHOWO,2020,12,25,2.9,,.0,8,.0,8,6.7,
252160230,WIELICHOWO,2020,12,26,1.2,,.0,8,.0,8,5.0,
252160230,WIELICHOWO,2020,12,27,.2,,.0,8,.0,8,3.3,
252160230,WIELICHOWO,2020,12,28,2.8,,.0,8,.0,8,6.7,
252160230,WIELICHOWO,2020,12,29,3.9,,.0,8,.0,8,6.3,
252160230,WIELICHOWO,2020,12,30,1.1,,.0,8,.0,8,4.7,
252160230,WIELICHOWO,2020,12,31,-.5,,.0,8,.0,8,.0,
252180080,KOUDA WIELKA,2020,12,01,.3,,.0,8,.0,8,.0,
252180080,KOUDA WIELKA,2020,12,02,-2.2,,.0,8,.0,8,8.0,
252180080,KOUDA WIELKA,2020,12,03,-1.3,,.0,8,.0,8,8.0,
252180080,KOUDA WIELKA,2020,12,04,2.4,,.0,8,.0,8,8.0,
252180080,KOUDA WIELKA,2020,12,05,6.1,,.0,8,.0,8,5.3,
252180080,KOUDA WIELKA,2020,12,06,5.6,,.0,8,.0,8,8.0,
252180080,KOUDA WIELKA,2020,12,07,2.0,,.0,8,.0,8,8.0,
252180080,KOUDA WIELKA,2020,12,08,-.3,,.0,8,.0,8,8.0,
252180080,KOUDA WIELKA,2020,12,09,-1.1,,.0,8,.0,8,8.0,
252180080,KOUDA WIELKA,2020,12,10,-1.5,,.0,8,.0,8,8.0,
252180080,KOUDA WIELKA,2020,12,11,.1,,.0,8,.0,8,8.0,
252180080,KOUDA WIELKA,2020,12,12,2.0,,.0,8,.0,8,8.0,
252180080,KOUDA WIELKA,2020,12,13,2.7,,.0,8,.0,8,8.0,
252180080,KOUDA WIELKA,2020,12,14,1.8,,.0,8,.0,8,5.3,
252180080,KOUDA WIELKA,2020,12,15,1.0,,.0,8,.0,8,8.0,
252180080,KOUDA WIELKA,2020,12,16,4.1,,.0,8,.0,8,8.0,
252180080,KOUDA WIELKA,2020,12,17,4.2,,.0,8,.0,8,8.0,
252180080,KOUDA WIELKA,2020,12,18,4.4,,.0,8,.0,8,2.7,
252180080,KOUDA WIELKA,2020,12,19,1.1,,.0,8,.0,8,8.0,
252180080,KOUDA WIELKA,2020,12,20,.6,,.0,8,.0,8,.0,
252180080,KOUDA WIELKA,2020,12,21,2.1,,.0,8,.0,8,5.3,
252180080,KOUDA WIELKA,2020,12,22,5.9,,.0,8,.0,8,8.0,
252180080,KOUDA WIELKA,2020,12,23,4.3,,.0,8,.0,8,8.0,
252180080,KOUDA WIELKA,2020,12,24,6.9,,.0,8,.0,8,5.3,
252180080,KOUDA WIELKA,2020,12,25,2.2,,.0,8,.0,8,8.0,
252180080,KOUDA WIELKA,2020,12,26,.6,,.0,8,.0,8,.0,
252180080,KOUDA WIELKA,2020,12,27,-.3,,.0,8,.0,8,.0,
252180080,KOUDA WIELKA,2020,12,28,1.9,,.0,8,.0,8,5.3,
252180080,KOUDA WIELKA,2020,12,29,4.0,,.0,8,.0,8,8.0,
252180080,KOUDA WIELKA,2020,12,30,.6,,.0,8,.0,8,4.0,
252180080,KOUDA WIELKA,2020,12,31,-.8,,.0,8,.0,8,2.7,
252200120,LEGIONOWO,2020,12,01,-.9,,.0,8,1.7,,.0,8
252200120,LEGIONOWO,2020,12,02,-3.1,,.0,8,2.0,,.0,8
252200120,LEGIONOWO,2020,12,03,-.4,,.0,8,2.7,,.0,8
252200120,LEGIONOWO,2020,12,04,2.2,,.0,8,3.0,,.0,8
252200120,LEGIONOWO,2020,12,05,7.3,,.0,8,3.0,,.0,8
252200120,LEGIONOWO,2020,12,06,5.3,,.0,8,3.7,,.0,8
252200120,LEGIONOWO,2020,12,07,1.0,,.0,8,4.7,,.0,8
252200120,LEGIONOWO,2020,12,08,-1.1,,.0,8,3.7,,.0,8
252200120,LEGIONOWO,2020,12,09,-1.7,,.0,8,3.3,,.0,8
252200120,LEGIONOWO,2020,12,10,-1.3,,.0,8,2.7,,.0,8
252200120,LEGIONOWO,2020,12,11,.8,,.0,8,1.3,,.0,8
252200120,LEGIONOWO,2020,12,12,2.3,,.0,8,3.0,,.0,8
252200120,LEGIONOWO,2020,12,13,1.1,,.0,8,1.7,,.0,8
252200120,LEGIONOWO,2020,12,14,1.0,,.0,8,1.0,,.0,8
252200120,LEGIONOWO,2020,12,15,1.0,,.0,8,2.0,,.0,8
252200120,LEGIONOWO,2020,12,16,3.1,,.0,8,2.0,,.0,8
252200120,LEGIONOWO,2020,12,17,4.6,,.0,8,1.3,,.0,8
252200120,LEGIONOWO,2020,12,18,4.3,,.0,8,2.3,,.0,8
252200120,LEGIONOWO,2020,12,19,1.2,,.0,8,1.7,,.0,8
252200120,LEGIONOWO,2020,12,20,1.8,,.0,8,1.3,,.0,8
252200120,LEGIONOWO,2020,12,21,2.1,,.0,8,2.3,,.0,8
252200120,LEGIONOWO,2020,12,22,3.5,,.0,8,2.3,,.0,8
252200120,LEGIONOWO,2020,12,23,3.8,,.0,8,2.0,,.0,8
252200120,LEGIONOWO,2020,12,24,5.5,,.0,8,3.3,,.0,8
252200120,LEGIONOWO,2020,12,25,3.8,,.0,8,3.0,,.0,8
252200120,LEGIONOWO,2020,12,26,.8,,.0,8,3.3,,.0,8
252200120,LEGIONOWO,2020,12,27,-1.1,,.0,8,3.0,,.0,8
252200120,LEGIONOWO,2020,12,28,3.6,,.0,8,3.0,,.0,8
252200120,LEGIONOWO,2020,12,29,5.9,,.0,8,4.3,,.0,8
252200120,LEGIONOWO,2020,12,30,2.9,,.0,8,1.0,,.0,8
252200120,LEGIONOWO,2020,12,31,1.1,,.0,8,1.0,,.0,8
252200150,WARSZAWA-BIELANY,2020,12,01,-.4,,84.8,,3.0,,2.0,
252200150,WARSZAWA-BIELANY,2020,12,02,-1.8,,82.5,,3.3,,6.7,
252200150,WARSZAWA-BIELANY,2020,12,03,-.3,,83.0,,4.0,,4.7,
252200150,WARSZAWA-BIELANY,2020,12,04,2.7,,82.3,,5.0,,3.7,
252200150,WARSZAWA-BIELANY,2020,12,05,7.4,,76.5,,5.0,,1.7,
252200150,WARSZAWA-BIELANY,2020,12,06,5.5,,84.0,,6.0,,8.0,
252200150,WARSZAWA-BIELANY,2020,12,07,1.2,,80.5,,7.0,,3.7,
252200150,WARSZAWA-BIELANY,2020,12,08,-.9,,79.3,,6.3,,8.0,
252200150,WARSZAWA-BIELANY,2020,12,09,-1.6,,82.3,,5.7,,8.0,
252200150,WARSZAWA-BIELANY,2020,12,10,-1.1,,83.3,,4.0,,8.0,
252200150,WARSZAWA-BIELANY,2020,12,11,1.4,,96.0,,2.7,,8.0,
252200150,WARSZAWA-BIELANY,2020,12,12,2.2,,95.0,,4.7,,8.0,
252200150,WARSZAWA-BIELANY,2020,12,13,1.5,,94.5,,2.3,,8.0,
252200150,WARSZAWA-BIELANY,2020,12,14,1.4,,91.8,,1.3,,7.7,
252200150,WARSZAWA-BIELANY,2020,12,15,1.3,,93.3,,3.3,,7.7,
252200150,WARSZAWA-BIELANY,2020,12,16,3.3,,90.5,,2.0,,8.0,
252200150,WARSZAWA-BIELANY,2020,12,17,4.9,,92.8,,3.0,,8.0,
252200150,WARSZAWA-BIELANY,2020,12,18,4.6,,94.0,,2.7,,7.3,
252200150,WARSZAWA-BIELANY,2020,12,19,1.8,,97.0,,2.0,,8.0,
252200150,WARSZAWA-BIELANY,2020,12,20,2.0,,98.0,,2.0,,8.0,
252200150,WARSZAWA-BIELANY,2020,12,21,2.3,,91.5,,3.0,,8.0,
252200150,WARSZAWA-BIELANY,2020,12,22,4.0,,91.5,,3.3,,8.0,
252200150,WARSZAWA-BIELANY,2020,12,23,4.8,,87.0,,2.3,,3.7,
252200150,WARSZAWA-BIELANY,2020,12,24,6.4,,90.8,,3.3,,7.3,
252200150,WARSZAWA-BIELANY,2020,12,25,3.8,,87.0,,3.0,,8.0,
252200150,WARSZAWA-BIELANY,2020,12,26,1.1,,86.0,,3.0,,7.0,
252200150,WARSZAWA-BIELANY,2020,12,27,-.8,,76.3,,5.0,,1.0,
252200150,WARSZAWA-BIELANY,2020,12,28,4.0,,82.0,,5.7,,7.3,
252200150,WARSZAWA-BIELANY,2020,12,29,6.0,,79.3,,3.7,,5.3,
252200150,WARSZAWA-BIELANY,2020,12,30,4.4,,92.5,,1.3,,8.0,
252200150,WARSZAWA-BIELANY,2020,12,31,1.4,,99.5,,1.3,,8.0,
252200230,WARSZAWA-FILTRY,2020,12,01,-.6,,.0,8,3.3,,2.0,
252200230,WARSZAWA-FILTRY,2020,12,02,-2.1,,.0,8,3.7,,8.0,
252200230,WARSZAWA-FILTRY,2020,12,03,-.5,,.0,8,4.3,,1.7,
252200230,WARSZAWA-FILTRY,2020,12,04,2.5,,.0,8,5.3,,7.0,
252200230,WARSZAWA-FILTRY,2020,12,05,6.8,,.0,8,5.0,,3.7,
252200230,WARSZAWA-FILTRY,2020,12,06,5.3,,.0,8,5.7,,7.7,
252200230,WARSZAWA-FILTRY,2020,12,07,1.0,,.0,8,6.3,,4.0,
252200230,WARSZAWA-FILTRY,2020,12,08,-1.1,,.0,8,5.3,,7.3,
252200230,WARSZAWA-FILTRY,2020,12,09,-1.6,,.0,8,4.7,,8.0,
252200230,WARSZAWA-FILTRY,2020,12,10,-1.1,,.0,8,3.7,,8.0,
252200230,WARSZAWA-FILTRY,2020,12,11,1.1,,.0,8,3.3,,8.0,
252200230,WARSZAWA-FILTRY,2020,12,12,2.3,,.0,8,4.7,,8.0,
252200230,WARSZAWA-FILTRY,2020,12,13,1.3,,.0,8,2.0,,8.0,
252200230,WARSZAWA-FILTRY,2020,12,14,1.3,,.0,8,2.3,,8.0,
252200230,WARSZAWA-FILTRY,2020,12,15,1.1,,.0,8,3.7,,8.0,
252200230,WARSZAWA-FILTRY,2020,12,16,3.1,,.0,8,2.7,,8.0,
252200230,WARSZAWA-FILTRY,2020,12,17,4.9,,.0,8,3.0,,7.7,
252200230,WARSZAWA-FILTRY,2020,12,18,4.6,,.0,8,3.0,,8.0,
252200230,WARSZAWA-FILTRY,2020,12,19,1.8,,.0,8,2.0,,8.0,
252200230,WARSZAWA-FILTRY,2020,12,20,1.6,,.0,8,2.7,,8.0,
252200230,WARSZAWA-FILTRY,2020,12,21,2.1,,.0,8,2.7,,8.0,
252200230,WARSZAWA-FILTRY,2020,12,22,3.7,,.0,8,3.7,,8.0,
252200230,WARSZAWA-FILTRY,2020,12,23,4.2,,.0,8,3.0,,5.0,
252200230,WARSZAWA-FILTRY,2020,12,24,5.9,,.0,8,3.3,,8.0,
252200230,WARSZAWA-FILTRY,2020,12,25,3.8,,.0,8,4.7,,7.0,
252200230,WARSZAWA-FILTRY,2020,12,26,1.1,,.0,8,4.7,,6.3,
252200230,WARSZAWA-FILTRY,2020,12,27,-1.2,,.0,8,4.0,,5.0,
252200230,WARSZAWA-FILTRY,2020,12,28,3.7,,.0,8,5.0,,6.0,
252200230,WARSZAWA-FILTRY,2020,12,29,5.8,,.0,8,4.3,,8.0,
252200230,WARSZAWA-FILTRY,2020,12,30,4.0,,.0,8,1.7,,6.7,
252200230,WARSZAWA-FILTRY,2020,12,31,1.3,,.0,8,2.0,,8.0,
252210050,PUTUSK,2020,12,01,-.9,,82.5,,3.3,,6.7,
252210050,PUTUSK,2020,12,02,-3.0,,86.0,,4.0,,8.0,
252210050,PUTUSK,2020,12,03,-1.4,,84.5,,5.0,,6.7,
252210050,PUTUSK,2020,12,04,1.2,,89.3,,5.3,,8.0,
252210050,PUTUSK,2020,12,05,5.9,,91.0,,3.3,,5.3,
252210050,PUTUSK,2020,12,06,4.5,,88.8,,7.3,,8.0,
252210050,PUTUSK,2020,12,07,.4,,79.3,,6.7,,4.3,
252210050,PUTUSK,2020,12,08,-1.8,,85.8,,6.3,,8.0,
252210050,PUTUSK,2020,12,09,-2.5,,88.5,,5.7,,8.0,
252210050,PUTUSK,2020,12,10,-1.8,,94.3,,4.0,,8.0,
252210050,PUTUSK,2020,12,11,.3,,83.5,,2.7,,8.0,
252210050,PUTUSK,2020,12,12,1.3,,95.0,,4.7,,8.0,
252210050,PUTUSK,2020,12,13,.3,,96.5,,.7,,8.0,
252210050,PUTUSK,2020,12,14,1.2,,87.5,,.7,,8.0,
252210050,PUTUSK,2020,12,15,.5,,95.5,,3.7,,8.0,
252210050,PUTUSK,2020,12,16,1.9,,95.5,,1.3,,8.0,
252210050,PUTUSK,2020,12,17,3.9,,96.3,,2.3,,8.0,
252210050,PUTUSK,2020,12,18,3.6,,96.3,,1.7,,8.0,
252210050,PUTUSK,2020,12,19,.9,,96.3,,1.7,,8.0,
252210050,PUTUSK,2020,12,20,1.5,,97.0,,2.7,,8.0,
252210050,PUTUSK,2020,12,21,1.4,,96.8,,2.7,,8.0,
252210050,PUTUSK,2020,12,22,2.1,,95.0,,4.3,,8.0,
252210050,PUTUSK,2020,12,23,4.0,,88.0,,.7,,8.0,
252210050,PUTUSK,2020,12,24,5.0,,96.0,,3.7,,7.3,
252210050,PUTUSK,2020,12,25,3.0,,86.3,,3.3,,8.0,
252210050,PUTUSK,2020,12,26,-.3,,86.8,,3.7,,8.0,
252210050,PUTUSK,2020,12,27,-1.9,,93.5,,4.3,,5.7,
252210050,PUTUSK,2020,12,28,2.1,,88.5,,6.0,,7.7,
252210050,PUTUSK,2020,12,29,4.3,,94.8,,5.0,,8.0,
252210050,PUTUSK,2020,12,30,1.3,,96.8,,.0,,8.0,
252210050,PUTUSK,2020,12,31,.4,,94.5,,1.7,,8.0,
252210170,WARSZAWA-OBSERWATORIUM II,2020,12,01,-1.2,,.0,8,.0,8,.0,8
252210170,WARSZAWA-OBSERWATORIUM II,2020,12,02,-2.6,,.0,8,.0,8,.0,8
252210170,WARSZAWA-OBSERWATORIUM II,2020,12,03,-.9,,.0,8,.0,8,.0,8
252210170,WARSZAWA-OBSERWATORIUM II,2020,12,04,2.3,,.0,8,.0,8,.0,8
252210170,WARSZAWA-OBSERWATORIUM II,2020,12,05,6.7,,.0,8,.0,8,.0,8
252210170,WARSZAWA-OBSERWATORIUM II,2020,12,06,5.0,,.0,8,.0,8,.0,8
252210170,WARSZAWA-OBSERWATORIUM II,2020,12,07,.8,,.0,8,.0,8,.0,8
252210170,WARSZAWA-OBSERWATORIUM II,2020,12,08,-1.4,,.0,8,.0,8,.0,8
252210170,WARSZAWA-OBSERWATORIUM II,2020,12,09,-1.8,,.0,8,.0,8,.0,8
252210170,WARSZAWA-OBSERWATORIUM II,2020,12,10,-1.4,,.0,8,.0,8,.0,8
252210170,WARSZAWA-OBSERWATORIUM II,2020,12,11,.7,,.0,8,.0,8,.0,8
252210170,WARSZAWA-OBSERWATORIUM II,2020,12,12,2.0,,.0,8,.0,8,.0,8
252210170,WARSZAWA-OBSERWATORIUM II,2020,12,13,.9,,.0,8,.0,8,.0,8
252210170,WARSZAWA-OBSERWATORIUM II,2020,12,14,.8,,.0,8,.0,8,.0,8
252210170,WARSZAWA-OBSERWATORIUM II,2020,12,15,.8,,.0,8,.0,8,.0,8
252210170,WARSZAWA-OBSERWATORIUM II,2020,12,16,2.9,,.0,8,.0,8,.0,8
252210170,WARSZAWA-OBSERWATORIUM II,2020,12,17,4.4,,.0,8,.0,8,.0,8
252210170,WARSZAWA-OBSERWATORIUM II,2020,12,18,4.3,,.0,8,.0,8,.0,8
252210170,WARSZAWA-OBSERWATORIUM II,2020,12,19,1.4,,.0,8,.0,8,.0,8
252210170,WARSZAWA-OBSERWATORIUM II,2020,12,20,1.2,,.0,8,.0,8,.0,8
252210170,WARSZAWA-OBSERWATORIUM II,2020,12,21,1.7,,.0,8,.0,8,.0,8
252210170,WARSZAWA-OBSERWATORIUM II,2020,12,22,3.2,,.0,8,.0,8,.0,8
252210170,WARSZAWA-OBSERWATORIUM II,2020,12,23,4.3,,.0,8,.0,8,.0,8
252210170,WARSZAWA-OBSERWATORIUM II,2020,12,24,5.5,,.0,8,.0,8,.0,8
252210170,WARSZAWA-OBSERWATORIUM II,2020,12,25,3.6,,.0,8,.0,8,.0,8
252210170,WARSZAWA-OBSERWATORIUM II,2020,12,26,.9,,.0,8,.0,8,.0,8
252210170,WARSZAWA-OBSERWATORIUM II,2020,12,27,-1.5,,.0,8,.0,8,.0,8
252210170,WARSZAWA-OBSERWATORIUM II,2020,12,28,3.5,,.0,8,.0,8,.0,8
252210170,WARSZAWA-OBSERWATORIUM II,2020,12,29,4.9,,.0,8,.0,8,.0,8
252210170,WARSZAWA-OBSERWATORIUM II,2020,12,30,3.0,,.0,8,.0,8,.0,8
252210170,WARSZAWA-OBSERWATORIUM II,2020,12,31,1.2,,.0,8,.0,8,.0,8
252220030,SZEPIETOWO,2020,12,01,-1.3,,.0,8,.0,8,6.3,
252220030,SZEPIETOWO,2020,12,02,-3.3,,.0,8,.0,8,8.0,
252220030,SZEPIETOWO,2020,12,03,-2.1,,.0,8,.0,8,6.0,
252220030,SZEPIETOWO,2020,12,04,1.2,,.0,8,.0,8,8.0,
252220030,SZEPIETOWO,2020,12,05,5.1,,.0,8,.0,8,7.0,
252220030,SZEPIETOWO,2020,12,06,3.3,,.0,8,.0,8,8.0,
252220030,SZEPIETOWO,2020,12,07,-1.6,,.0,8,.0,8,3.3,
252220030,SZEPIETOWO,2020,12,08,-3.2,,.0,8,.0,8,8.0,
252220030,SZEPIETOWO,2020,12,09,-3.6,,.0,8,.0,8,8.0,
252220030,SZEPIETOWO,2020,12,10,-2.7,,.0,8,.0,8,8.0,
252220030,SZEPIETOWO,2020,12,11,.1,,.0,8,.0,8,8.0,
252220030,SZEPIETOWO,2020,12,12,-.4,,.0,8,.0,8,8.0,
252220030,SZEPIETOWO,2020,12,13,-1.4,,.0,8,.0,8,8.0,
252220030,SZEPIETOWO,2020,12,14,-1.2,,.0,8,.0,8,8.0,
252220030,SZEPIETOWO,2020,12,15,-.1,,.0,8,.0,8,8.0,
252220030,SZEPIETOWO,2020,12,16,1.4,,.0,8,.0,8,6.3,
252220030,SZEPIETOWO,2020,12,17,2.5,,.0,8,.0,8,8.0,
252220030,SZEPIETOWO,2020,12,18,3.0,,.0,8,.0,8,8.0,
252220030,SZEPIETOWO,2020,12,19,3.1,,.0,8,.0,8,8.0,
252220030,SZEPIETOWO,2020,12,20,1.0,,.0,8,.0,8,8.0,
252220030,SZEPIETOWO,2020,12,21,.8,,.0,8,.0,8,8.0,
252220030,SZEPIETOWO,2020,12,22,1.1,,.0,8,.0,8,8.0,
252220030,SZEPIETOWO,2020,12,23,4.0,,.0,8,.0,8,8.0,
252220030,SZEPIETOWO,2020,12,24,5.4,,.0,8,.0,8,6.7,
252220030,SZEPIETOWO,2020,12,25,3.3,,.0,8,.0,8,7.3,
252220030,SZEPIETOWO,2020,12,26,.3,,.0,8,.0,8,8.0,
252220030,SZEPIETOWO,2020,12,27,-1.6,,.0,8,.0,8,4.7,
252220030,SZEPIETOWO,2020,12,28,1.8,,.0,8,.0,8,7.0,
252220030,SZEPIETOWO,2020,12,29,5.2,,.0,8,.0,8,8.0,
252220030,SZEPIETOWO,2020,12,30,3.6,,.0,8,.0,8,8.0,
252220030,SZEPIETOWO,2020,12,31,1.8,,.0,8,.0,8,8.0,
252230120,BIAOWIEA,2020,12,01,-4.0,,89.0,,1.7,,.0,8
252230120,BIAOWIEA,2020,12,02,-5.1,,90.5,,1.3,,.0,8
252230120,BIAOWIEA,2020,12,03,-1.4,,95.5,,3.0,,.0,8
252230120,BIAOWIEA,2020,12,04,2.1,,92.8,,4.0,,.0,8
252230120,BIAOWIEA,2020,12,05,5.5,,96.3,,4.0,,.0,8
252230120,BIAOWIEA,2020,12,06,2.0,,87.8,,4.7,,.0,8
252230120,BIAOWIEA,2020,12,07,-2.9,,71.8,,5.3,,.0,8
252230120,BIAOWIEA,2020,12,08,-4.6,,80.0,,4.3,,.0,8
252230120,BIAOWIEA,2020,12,09,-4.7,,78.5,,4.7,,.0,8
252230120,BIAOWIEA,2020,12,10,-3.4,,93.5,,4.7,,.0,8
252230120,BIAOWIEA,2020,12,11,.2,,100.0,,2.7,,.0,8
252230120,BIAOWIEA,2020,12,12,-1.0,,98.5,,4.7,,.0,8
252230120,BIAOWIEA,2020,12,13,-2.2,,94.0,,2.0,,.0,8
252230120,BIAOWIEA,2020,12,14,-1.0,,100.0,,1.3,,.0,8
252230120,BIAOWIEA,2020,12,15,-.8,,98.0,,2.3,,.0,8
252230120,BIAOWIEA,2020,12,16,.7,,100.0,,2.3,,.0,8
252230120,BIAOWIEA,2020,12,17,2.1,,100.0,,1.0,,.0,8
252230120,BIAOWIEA,2020,12,18,2.7,,100.0,,2.3,,.0,8
252230120,BIAOWIEA,2020,12,19,3.1,,100.0,,2.0,,.0,8
252230120,BIAOWIEA,2020,12,20,.3,,100.0,,2.7,,.0,8
252230120,BIAOWIEA,2020,12,21,.3,,88.0,,3.3,,.0,8
252230120,BIAOWIEA,2020,12,22,.8,,92.0,,3.3,,.0,8
252230120,BIAOWIEA,2020,12,23,4.1,,89.8,,2.3,,.0,8
252230120,BIAOWIEA,2020,12,24,4.6,,96.5,,3.3,,.0,8
252230120,BIAOWIEA,2020,12,25,2.7,,91.8,,3.7,,.0,8
252230120,BIAOWIEA,2020,12,26,.1,,94.5,,3.3,,.0,8
252230120,BIAOWIEA,2020,12,27,-1.7,,87.5,,3.7,,.0,8
252230120,BIAOWIEA,2020,12,28,1.9,,95.3,,4.0,,.0,8
252230120,BIAOWIEA,2020,12,29,5.2,,92.3,,4.3,,.0,8
252230120,BIAOWIEA,2020,12,30,3.4,,92.0,,2.0,,.0,8
252230120,BIAOWIEA,2020,12,31,2.8,,93.5,,1.3,,.0,8
253140060,GOLENIW,2020,12,01,1.6,,.0,8,3.7,,7.3,
253140060,GOLENIW,2020,12,02,.7,,.0,8,3.7,,7.7,
253140060,GOLENIW,2020,12,03,-1.1,,.0,8,7.0,,8.0,
253140060,GOLENIW,2020,12,04,.8,,.0,8,5.3,,4.7,
253140060,GOLENIW,2020,12,05,3.6,,.0,8,4.0,,4.0,
253140060,GOLENIW,2020,12,06,6.5,,.0,8,7.7,,4.3,
253140060,GOLENIW,2020,12,07,5.3,,.0,8,8.0,,4.7,
253140060,GOLENIW,2020,12,08,2.5,,.0,8,5.3,,7.3,
253140060,GOLENIW,2020,12,09,.2,,.0,8,5.3,,8.0,
253140060,GOLENIW,2020,12,10,-1.3,,.0,8,3.3,,8.0,
253140060,GOLENIW,2020,12,11,-.9,,.0,8,5.0,,8.0,
253140060,GOLENIW,2020,12,12,1.4,,.0,8,3.0,,8.0,
253140060,GOLENIW,2020,12,13,2.0,,.0,8,2.0,,8.0,
253140060,GOLENIW,2020,12,14,3.6,,.0,8,5.7,,7.7,
253140060,GOLENIW,2020,12,15,3.8,,.0,8,5.3,,7.0,
253140060,GOLENIW,2020,12,16,5.9,,.0,8,2.7,,8.0,
253140060,GOLENIW,2020,12,17,6.1,,.0,8,4.7,,7.3,
253140060,GOLENIW,2020,12,18,5.1,,.0,8,2.3,,5.7,
253140060,GOLENIW,2020,12,19,1.3,,.0,8,6.0,,8.0,
253140060,GOLENIW,2020,12,20,1.8,,.0,8,5.3,,5.7,
253140060,GOLENIW,2020,12,21,3.2,,.0,8,3.3,,6.7,
253140060,GOLENIW,2020,12,22,6.2,,.0,8,5.7,,8.0,
253140060,GOLENIW,2020,12,23,2.5,,.0,8,2.3,,5.0,
253140060,GOLENIW,2020,12,24,4.1,,.0,8,2.7,,8.0,
253140060,GOLENIW,2020,12,25,1.8,,.0,8,3.3,,7.0,
253140060,GOLENIW,2020,12,26,.1,,.0,8,3.7,,4.0,
253140060,GOLENIW,2020,12,27,1.0,,.0,8,8.3,,4.7,
253140060,GOLENIW,2020,12,28,2.0,,.0,8,5.7,,6.0,
253140060,GOLENIW,2020,12,29,2.2,,.0,8,3.0,,6.3,
253140060,GOLENIW,2020,12,30,1.0,,.0,8,3.0,,2.7,
253140060,GOLENIW,2020,12,31,1.4,,.0,8,3.0,,5.3,
253170210,CHRZSTOWO,2020,12,01,-.1,,.0,8,.0,8,6.0,
253170210,CHRZSTOWO,2020,12,02,-1.7,,.0,8,.0,8,7.0,
253170210,CHRZSTOWO,2020,12,03,-2.2,,.0,8,.0,8,8.0,
253170210,CHRZSTOWO,2020,12,04,1.3,,.0,8,.0,8,6.0,
253170210,CHRZSTOWO,2020,12,05,5.2,,.0,8,.0,8,7.0,
253170210,CHRZSTOWO,2020,12,06,5.4,,.0,8,.0,8,4.0,
253170210,CHRZSTOWO,2020,12,07,2.1,,.0,8,.0,8,7.0,
253170210,CHRZSTOWO,2020,12,08,-.3,,.0,8,.0,8,7.3,
253170210,CHRZSTOWO,2020,12,09,-1.2,,.0,8,.0,8,8.0,
253170210,CHRZSTOWO,2020,12,10,-2.1,,.0,8,.0,8,8.0,
253170210,CHRZSTOWO,2020,12,11,-.5,,.0,8,.0,8,8.0,
253170210,CHRZSTOWO,2020,12,12,1.6,,.0,8,.0,8,8.0,
253170210,CHRZSTOWO,2020,12,13,2.3,,.0,8,.0,8,8.0,
253170210,CHRZSTOWO,2020,12,14,2.6,,.0,8,.0,8,8.0,
253170210,CHRZSTOWO,2020,12,15,.7,,.0,8,.0,8,8.0,
253170210,CHRZSTOWO,2020,12,16,4.4,,.0,8,.0,8,7.0,
253170210,CHRZSTOWO,2020,12,17,4.7,,.0,8,.0,8,7.7,
253170210,CHRZSTOWO,2020,12,18,4.4,,.0,8,.0,8,7.7,
253170210,CHRZSTOWO,2020,12,19,.7,,.0,8,.0,8,8.0,
253170210,CHRZSTOWO,2020,12,20,.3,,.0,8,.0,8,6.0,
253170210,CHRZSTOWO,2020,12,21,.9,,.0,8,.0,8,8.0,
253170210,CHRZSTOWO,2020,12,22,5.5,,.0,8,.0,8,8.0,
253170210,CHRZSTOWO,2020,12,23,3.5,,.0,8,.0,8,4.7,
253170210,CHRZSTOWO,2020,12,24,5.4,,.0,8,.0,8,6.3,
253170210,CHRZSTOWO,2020,12,25,2.0,,.0,8,.0,8,7.7,
253170210,CHRZSTOWO,2020,12,26,.3,,.0,8,.0,8,5.3,
253170210,CHRZSTOWO,2020,12,27,-.3,,.0,8,.0,8,5.3,
253170210,CHRZSTOWO,2020,12,28,1.7,,.0,8,.0,8,7.3,
253170210,CHRZSTOWO,2020,12,29,3.1,,.0,8,.0,8,8.0,
253170210,CHRZSTOWO,2020,12,30,.6,,.0,8,.0,8,2.3,
253170210,CHRZSTOWO,2020,12,31,-.5,,.0,8,.0,8,4.0,
253220070,BIEBRZA-PIECZYKWEK,2020,12,01,-2.4,,84.3,,2.7,,1.3,
253220070,BIEBRZA-PIECZYKWEK,2020,12,02,-6.1,,90.5,,2.3,,1.0,
253220070,BIEBRZA-PIECZYKWEK,2020,12,03,-2.1,,93.3,,4.3,,4.3,
253220070,BIEBRZA-PIECZYKWEK,2020,12,04,1.5,,96.8,,4.7,,6.0,
253220070,BIEBRZA-PIECZYKWEK,2020,12,05,5.4,,90.5,,5.7,,4.3,
253220070,BIEBRZA-PIECZYKWEK,2020,12,06,3.1,,92.5,,5.0,,3.3,
253220070,BIEBRZA-PIECZYKWEK,2020,12,07,-2.1,,89.8,,5.7,,1.7,
253220070,BIEBRZA-PIECZYKWEK,2020,12,08,-3.6,,95.3,,5.3,,5.0,
253220070,BIEBRZA-PIECZYKWEK,2020,12,09,-4.6,,97.5,,5.0,,4.0,
253220070,BIEBRZA-PIECZYKWEK,2020,12,10,-3.0,,93.8,,5.0,,8.0,
253220070,BIEBRZA-PIECZYKWEK,2020,12,11,-.2,,97.3,,3.3,,7.3,
253220070,BIEBRZA-PIECZYKWEK,2020,12,12,-.4,,94.8,,4.7,,7.7,
253220070,BIEBRZA-PIECZYKWEK,2020,12,13,-2.0,,92.8,,2.0,,7.0,
253220070,BIEBRZA-PIECZYKWEK,2020,12,14,-1.3,,96.3,,1.7,,6.3,
253220070,BIEBRZA-PIECZYKWEK,2020,12,15,-.7,,99.5,,3.7,,7.7,
253220070,BIEBRZA-PIECZYKWEK,2020,12,16,1.4,,99.0,,2.3,,7.7,
253220070,BIEBRZA-PIECZYKWEK,2020,12,17,3.0,,95.8,,1.7,,7.0,
253220070,BIEBRZA-PIECZYKWEK,2020,12,18,3.0,,97.3,,2.3,,7.0,
253220070,BIEBRZA-PIECZYKWEK,2020,12,19,3.0,,97.3,,3.0,,7.3,
253220070,BIEBRZA-PIECZYKWEK,2020,12,20,1.3,,95.5,,3.3,,7.0,
253220070,BIEBRZA-PIECZYKWEK,2020,12,21,1.0,,90.8,,3.7,,7.7,
253220070,BIEBRZA-PIECZYKWEK,2020,12,22,1.5,,94.8,,4.7,,8.0,
253220070,BIEBRZA-PIECZYKWEK,2020,12,23,4.1,,86.5,,3.0,,6.0,
253220070,BIEBRZA-PIECZYKWEK,2020,12,24,4.5,,95.0,,3.3,,7.0,
253220070,BIEBRZA-PIECZYKWEK,2020,12,25,2.3,,85.5,,4.0,,4.7,
253220070,BIEBRZA-PIECZYKWEK,2020,12,26,.2,,90.5,,4.7,,5.0,
253220070,BIEBRZA-PIECZYKWEK,2020,12,27,-1.8,,93.5,,5.0,,1.0,
253220070,BIEBRZA-PIECZYKWEK,2020,12,28,1.9,,97.3,,5.7,,7.7,
253220070,BIEBRZA-PIECZYKWEK,2020,12,29,5.1,,89.5,,5.7,,6.7,
253220070,BIEBRZA-PIECZYKWEK,2020,12,30,2.3,,94.8,,2.0,,7.7,
253220070,BIEBRZA-PIECZYKWEK,2020,12,31,.0,,98.8,,1.7,,8.0,
253220330,MARIANOWO II,2020,12,01,-1.6,,90.0,,2.0,,.0,8
253220330,MARIANOWO II,2020,12,02,-3.9,,91.8,,3.3,,.0,8
253220330,MARIANOWO II,2020,12,03,-2.1,,91.0,,4.0,,.0,8
253220330,MARIANOWO II,2020,12,04,1.0,,86.0,,5.3,,.0,8
253220330,MARIANOWO II,2020,12,05,5.5,,85.0,,5.0,,.0,8
253220330,MARIANOWO II,2020,12,06,3.4,,85.8,,6.0,,.0,8
253220330,MARIANOWO II,2020,12,07,-1.7,,70.0,,5.3,,.0,8
253220330,MARIANOWO II,2020,12,08,-3.3,,76.8,,5.0,,.0,8
253220330,MARIANOWO II,2020,12,09,-3.9,,80.3,,4.3,,.0,8
253220330,MARIANOWO II,2020,12,10,-3.0,,96.0,,4.3,,.0,8
253220330,MARIANOWO II,2020,12,11,-.2,,95.3,,2.7,,.0,8
253220330,MARIANOWO II,2020,12,12,-.3,,97.3,,4.3,,.0,8
253220330,MARIANOWO II,2020,12,13,-1.9,,97.3,,1.7,,.0,8
253220330,MARIANOWO II,2020,12,14,-1.2,,96.5,,1.0,,.0,8
253220330,MARIANOWO II,2020,12,15,-.6,,97.8,,3.0,,.0,8
253220330,MARIANOWO II,2020,12,16,1.5,,97.5,,1.3,,.0,8
253220330,MARIANOWO II,2020,12,17,3.5,,95.5,,1.7,,.0,8
253220330,MARIANOWO II,2020,12,18,2.9,,97.3,,1.3,,.0,8
253220330,MARIANOWO II,2020,12,19,2.8,,98.3,,2.0,,.0,8
253220330,MARIANOWO II,2020,12,20,.8,,98.5,,3.0,,.0,8
253220330,MARIANOWO II,2020,12,21,1.0,,94.0,,3.3,,.0,8
253220330,MARIANOWO II,2020,12,22,1.2,,94.5,,4.3,,.0,8
253220330,MARIANOWO II,2020,12,23,4.2,,87.5,,2.3,,.0,8
253220330,MARIANOWO II,2020,12,24,4.8,,96.5,,3.7,,.0,8
253220330,MARIANOWO II,2020,12,25,2.7,,90.8,,3.7,,.0,8
253220330,MARIANOWO II,2020,12,26,.1,,97.8,,4.3,,.0,8
253220330,MARIANOWO II,2020,12,27,-1.5,,94.8,,4.3,,.0,8
253220330,MARIANOWO II,2020,12,28,2.2,,96.0,,5.7,,.0,8
253220330,MARIANOWO II,2020,12,29,5.5,,91.0,,5.3,,.0,8
253220330,MARIANOWO II,2020,12,30,2.6,,96.0,,1.3,,.0,8
253220330,MARIANOWO II,2020,12,31,.3,,100.0,,.7,,.0,8
253230020,RANYSTOK,2020,12,01,-1.7,,.0,8,.0,8,.0,8
253230020,RANYSTOK,2020,12,02,-5.9,,.0,8,.0,8,.0,8
253230020,RANYSTOK,2020,12,03,-1.6,,.0,8,.0,8,.0,8
253230020,RANYSTOK,2020,12,04,.9,,.0,8,.0,8,.0,8
253230020,RANYSTOK,2020,12,05,4.8,,.0,8,.0,8,.0,8
253230020,RANYSTOK,2020,12,06,2.4,,.0,8,.0,8,.0,8
253230020,RANYSTOK,2020,12,07,-2.1,,.0,8,.0,8,.0,8
253230020,RANYSTOK,2020,12,08,-4.8,,.0,8,.0,8,.0,8
253230020,RANYSTOK,2020,12,09,-5.1,,.0,8,.0,8,.0,8
253230020,RANYSTOK,2020,12,10,-3.8,,.0,8,.0,8,.0,8
253230020,RANYSTOK,2020,12,11,-.8,,.0,8,.0,8,.0,8
253230020,RANYSTOK,2020,12,12,-1.0,,.0,8,.0,8,.0,8
253230020,RANYSTOK,2020,12,13,-2.4,,.0,8,.0,8,.0,8
253230020,RANYSTOK,2020,12,14,-1.3,,.0,8,.0,8,.0,8
253230020,RANYSTOK,2020,12,15,-1.2,,.0,8,.0,8,.0,8
253230020,RANYSTOK,2020,12,16,.6,,.0,8,.0,8,.0,8
253230020,RANYSTOK,2020,12,17,3.0,,.0,8,.0,8,.0,8
253230020,RANYSTOK,2020,12,18,2.7,,.0,8,.0,8,.0,8
253230020,RANYSTOK,2020,12,19,3.0,,.0,8,.0,8,.0,8
253230020,RANYSTOK,2020,12,20,1.2,,.0,8,.0,8,.0,8
253230020,RANYSTOK,2020,12,21,.6,,.0,8,.0,8,.0,8
253230020,RANYSTOK,2020,12,22,.8,,.0,8,.0,8,.0,8
253230020,RANYSTOK,2020,12,23,4.2,,.0,8,.0,8,.0,8
253230020,RANYSTOK,2020,12,24,4.2,,.0,8,.0,8,.0,8
253230020,RANYSTOK,2020,12,25,2.4,,.0,8,.0,8,.0,8
253230020,RANYSTOK,2020,12,26,.0,,.0,8,.0,8,.0,8
253230020,RANYSTOK,2020,12,27,-1.2,,.0,8,.0,8,.0,8
253230020,RANYSTOK,2020,12,28,1.2,,.0,8,.0,8,.0,8
253230020,RANYSTOK,2020,12,29,4.7,,.0,8,.0,8,.0,8
253230020,RANYSTOK,2020,12,30,3.3,,.0,8,.0,8,.0,8
253230020,RANYSTOK,2020,12,31,1.0,,.0,8,.0,8,.0,8
254170210,BORUCINO,2020,12,01,-.6,,88.0,,2.3,,5.7,
254170210,BORUCINO,2020,12,02,-2.8,,84.5,,3.0,,5.7,
254170210,BORUCINO,2020,12,03,-2.0,,82.3,,5.0,,8.0,
254170210,BORUCINO,2020,12,04,1.9,,81.0,,5.7,,8.0,
254170210,BORUCINO,2020,12,05,5.4,,76.0,,6.0,,7.3,
254170210,BORUCINO,2020,12,06,5.6,,82.5,,10.0,,8.0,
254170210,BORUCINO,2020,12,07,1.9,,80.3,,8.0,,7.3,
254170210,BORUCINO,2020,12,08,-.8,,82.8,,5.3,,8.0,
254170210,BORUCINO,2020,12,09,-2.2,,86.8,,4.7,,7.7,
254170210,BORUCINO,2020,12,10,-2.8,,85.8,,4.7,,8.0,
254170210,BORUCINO,2020,12,11,-.6,,91.0,,3.3,,8.0,
254170210,BORUCINO,2020,12,12,1.3,,94.3,,3.3,,8.0,
254170210,BORUCINO,2020,12,13,1.3,,96.0,,2.3,,8.0,
254170210,BORUCINO,2020,12,14,1.9,,91.5,,6.0,,8.0,
254170210,BORUCINO,2020,12,15,1.5,,94.3,,6.3,,8.0,
254170210,BORUCINO,2020,12,16,4.6,,92.8,,3.7,,8.0,
254170210,BORUCINO,2020,12,17,5.3,,88.5,,8.3,,8.0,
254170210,BORUCINO,2020,12,18,5.6,,91.5,,6.0,,7.3,
254170210,BORUCINO,2020,12,19,1.8,,96.0,,5.3,,8.0,
254170210,BORUCINO,2020,12,20,1.3,,97.0,,6.0,,7.7,
254170210,BORUCINO,2020,12,21,1.7,,95.3,,6.7,,8.0,
254170210,BORUCINO,2020,12,22,5.0,,91.5,,6.7,,8.0,
254170210,BORUCINO,2020,12,23,3.5,,85.5,,3.7,,4.0,
254170210,BORUCINO,2020,12,24,2.2,,95.0,,2.7,,7.7,
254170210,BORUCINO,2020,12,25,1.3,,86.5,,3.3,,7.3,
254170210,BORUCINO,2020,12,26,.4,,86.5,,7.0,,5.7,
254170210,BORUCINO,2020,12,27,.0,,76.8,,11.0,,5.7,
254170210,BORUCINO,2020,12,28,1.9,,82.0,,7.7,,7.7,
254170210,BORUCINO,2020,12,29,3.3,,87.8,,6.3,,7.7,
254170210,BORUCINO,2020,12,30,.8,,84.0,,3.3,,1.0,
254170210,BORUCINO,2020,12,31,-.4,,92.5,,4.3,,7.7,
254180090,GDASK-RBIECHOWO,2020,12,01,-.8,,.0,8,2.3,,5.7,
254180090,GDASK-RBIECHOWO,2020,12,02,-3.8,,.0,8,4.3,,5.3,
254180090,GDASK-RBIECHOWO,2020,12,03,-2.0,,.0,8,6.0,,8.0,
254180090,GDASK-RBIECHOWO,2020,12,04,.9,,.0,8,5.3,,7.0,
254180090,GDASK-RBIECHOWO,2020,12,05,4.2,,.0,8,4.7,,6.3,
254180090,GDASK-RBIECHOWO,2020,12,06,4.9,,.0,8,6.7,,8.0,
254180090,GDASK-RBIECHOWO,2020,12,07,1.1,,.0,8,6.3,,6.3,
254180090,GDASK-RBIECHOWO,2020,12,08,-1.2,,.0,8,6.0,,8.0,
254180090,GDASK-RBIECHOWO,2020,12,09,-2.6,,.0,8,5.0,,8.0,
254180090,GDASK-RBIECHOWO,2020,12,10,-2.9,,.0,8,4.3,,8.0,
254180090,GDASK-RBIECHOWO,2020,12,11,-1.0,,.0,8,3.3,,8.0,
254180090,GDASK-RBIECHOWO,2020,12,12,.9,,.0,8,4.7,,8.0,
254180090,GDASK-RBIECHOWO,2020,12,13,.9,,.0,8,2.0,,8.0,
254180090,GDASK-RBIECHOWO,2020,12,14,1.8,,.0,8,2.0,,7.7,
254180090,GDASK-RBIECHOWO,2020,12,15,1.1,,.0,8,3.0,,7.7,
254180090,GDASK-RBIECHOWO,2020,12,16,4.7,,.0,8,4.3,,8.0,
254180090,GDASK-RBIECHOWO,2020,12,17,5.2,,.0,8,3.3,,8.0,
254180090,GDASK-RBIECHOWO,2020,12,18,5.8,,.0,8,3.3,,7.7,
254180090,GDASK-RBIECHOWO,2020,12,19,1.6,,.0,8,2.3,,6.0,
254180090,GDASK-RBIECHOWO,2020,12,20,1.6,,.0,8,3.3,,6.3,
254180090,GDASK-RBIECHOWO,2020,12,21,2.2,,.0,8,1.3,,7.7,
254180090,GDASK-RBIECHOWO,2020,12,22,4.1,,.0,8,4.3,,8.0,
254180090,GDASK-RBIECHOWO,2020,12,23,3.7,,.0,8,2.7,,6.0,
254180090,GDASK-RBIECHOWO,2020,12,24,2.2,,.0,8,3.0,,8.0,
254180090,GDASK-RBIECHOWO,2020,12,25,1.1,,.0,8,6.0,,6.7,
254180090,GDASK-RBIECHOWO,2020,12,26,-.1,,.0,8,4.7,,4.3,
254180090,GDASK-RBIECHOWO,2020,12,27,-.6,,.0,8,5.3,,7.0,
254180090,GDASK-RBIECHOWO,2020,12,28,1.4,,.0,8,6.3,,7.7,
254180090,GDASK-RBIECHOWO,2020,12,29,2.7,,.0,8,4.0,,7.3,
254180090,GDASK-RBIECHOWO,2020,12,30,.5,,.0,8,2.3,,1.3,
254180090,GDASK-RBIECHOWO,2020,12,31,-.5,,.0,8,2.7,,4.3,
254200080,LIDZBARK WARMISKI,2020,12,01,-.6,,88.5,,3.3,,2.0,
254200080,LIDZBARK WARMISKI,2020,12,02,-2.5,,78.3,,3.0,,6.0,
254200080,LIDZBARK WARMISKI,2020,12,03,-1.6,,77.5,,4.0,,7.3,
254200080,LIDZBARK WARMISKI,2020,12,04,2.2,,81.8,,4.3,,7.7,
254200080,LIDZBARK WARMISKI,2020,12,05,6.3,,83.8,,6.0,,5.7,
254200080,LIDZBARK WARMISKI,2020,12,06,4.8,,84.5,,5.0,,8.0,
254200080,LIDZBARK WARMISKI,2020,12,07,.5,,77.3,,5.3,,2.3,
254200080,LIDZBARK WARMISKI,2020,12,08,-1.6,,86.5,,3.7,,8.0,
254200080,LIDZBARK WARMISKI,2020,12,09,-2.5,,70.5,,2.3,,6.0,
254200080,LIDZBARK WARMISKI,2020,12,10,-2.0,,71.8,,1.3,,8.0,
254200080,LIDZBARK WARMISKI,2020,12,11,.2,,87.3,,1.7,,8.0,
254200080,LIDZBARK WARMISKI,2020,12,12,1.3,,92.3,,3.3,,8.0,
254200080,LIDZBARK WARMISKI,2020,12,13,.2,,94.0,,1.3,,8.0,
254200080,LIDZBARK WARMISKI,2020,12,14,1.3,,92.8,,1.7,,8.0,
254200080,LIDZBARK WARMISKI,2020,12,15,1.0,,94.0,,2.7,,7.3,
254200080,LIDZBARK WARMISKI,2020,12,16,3.8,,96.5,,2.0,,8.0,
254200080,LIDZBARK WARMISKI,2020,12,17,5.3,,87.0,,2.0,,8.0,
254200080,LIDZBARK WARMISKI,2020,12,18,4.5,,96.5,,2.7,,8.0,
254200080,LIDZBARK WARMISKI,2020,12,19,3.3,,93.5,,3.3,,7.3,
254200080,LIDZBARK WARMISKI,2020,12,20,1.9,,92.5,,3.7,,8.0,
254200080,LIDZBARK WARMISKI,2020,12,21,2.1,,95.5,,3.3,,8.0,
254200080,LIDZBARK WARMISKI,2020,12,22,3.1,,94.8,,4.0,,8.0,
254200080,LIDZBARK WARMISKI,2020,12,23,4.4,,84.8,,2.0,,7.3,
254200080,LIDZBARK WARMISKI,2020,12,24,4.2,,97.0,,2.7,,7.3,
254200080,LIDZBARK WARMISKI,2020,12,25,1.4,,95.3,,3.3,,5.0,
254200080,LIDZBARK WARMISKI,2020,12,26,-.4,,94.8,,2.0,,5.7,
254200080,LIDZBARK WARMISKI,2020,12,27,-1.2,,88.5,,4.7,,4.0,
254200080,LIDZBARK WARMISKI,2020,12,28,2.2,,84.5,,5.0,,8.0,
254200080,LIDZBARK WARMISKI,2020,12,29,4.7,,89.3,,2.7,,8.0,
254200080,LIDZBARK WARMISKI,2020,12,30,1.1,,92.3,,.3,,6.3,
254200080,LIDZBARK WARMISKI,2020,12,31,-.3,,87.0,,1.3,,3.7,
254220090,OLECKO,2020,12,01,-1.6,,.0,8,.0,8,2.7,
254220090,OLECKO,2020,12,02,-4.7,,.0,8,.0,8,6.0,
254220090,OLECKO,2020,12,03,-2.2,,.0,8,.0,8,8.0,
254220090,OLECKO,2020,12,04,.9,,.0,8,.0,8,8.0,
254220090,OLECKO,2020,12,05,4.9,,.0,8,.0,8,8.0,
254220090,OLECKO,2020,12,06,2.3,,.0,8,.0,8,8.0,
254220090,OLECKO,2020,12,07,-1.8,,.0,8,.0,8,3.3,
254220090,OLECKO,2020,12,08,-4.1,,.0,8,.0,8,8.0,
254220090,OLECKO,2020,12,09,-4.8,,.0,8,.0,8,8.0,
254220090,OLECKO,2020,12,10,-3.4,,.0,8,.0,8,8.0,
254220090,OLECKO,2020,12,11,-.7,,.0,8,.0,8,8.0,
254220090,OLECKO,2020,12,12,-.8,,.0,8,.0,8,8.0,
254220090,OLECKO,2020,12,13,-2.5,,.0,8,.0,8,8.0,
254220090,OLECKO,2020,12,14,-1.4,,.0,8,.0,8,8.0,
254220090,OLECKO,2020,12,15,-1.2,,.0,8,.0,8,8.0,
254220090,OLECKO,2020,12,16,1.2,,.0,8,.0,8,8.0,
254220090,OLECKO,2020,12,17,3.0,,.0,8,.0,8,8.0,
254220090,OLECKO,2020,12,18,2.7,,.0,8,.0,8,8.0,
254220090,OLECKO,2020,12,19,2.8,,.0,8,.0,8,8.0,
254220090,OLECKO,2020,12,20,1.0,,.0,8,.0,8,8.0,
254220090,OLECKO,2020,12,21,.6,,.0,8,.0,8,8.0,
254220090,OLECKO,2020,12,22,.9,,.0,8,.0,8,8.0,
254220090,OLECKO,2020,12,23,3.3,,.0,8,.0,8,8.0,
254220090,OLECKO,2020,12,24,4.1,,.0,8,.0,8,8.0,
254220090,OLECKO,2020,12,25,2.0,,.0,8,.0,8,7.7,
254220090,OLECKO,2020,12,26,-.1,,.0,8,.0,8,8.0,
254220090,OLECKO,2020,12,27,-2.1,,.0,8,.0,8,6.7,
254220090,OLECKO,2020,12,28,.9,,.0,8,.0,8,8.0,
254220090,OLECKO,2020,12,29,4.0,,.0,8,.0,8,8.0,
254220090,OLECKO,2020,12,30,1.8,,.0,8,.0,8,8.0,
254220090,OLECKO,2020,12,31,-.5,,.0,8,.0,8,8.0,
